datetime,open,high,low,close,volume,Prev_High,Prev_Low,London_High,London_Low,swept_Prev_High,swept_Prev_Low,gap_up,gap_down,broke_Asia_High,broke_Asia_Low,London_Bias,NY_Position_vs_London,London_Momentum
2025-03-27 00:00:00-04:00,568.0,568.89,567.23,567.7,32117,,,577.305,564.94,False,False,False,False,False,False,up,-1.0500000000000682,0.00040492957746482075
2025-03-27 00:15:00-04:00,567.7,568.46,567.7,568.42,21858,,,577.305,564.94,False,False,False,False,False,False,up,-1.0500000000000682,0.00040492957746482075
2025-03-27 00:30:00-04:00,568.48,568.95,568.42,568.65,19445,,,577.305,564.94,False,False,False,False,False,False,up,-1.0500000000000682,0.00040492957746482075
2025-03-27 00:45:00-04:00,568.65,569.32,568.26,569.32,9714,,,577.305,564.94,False,False,False,False,False,False,up,-1.0500000000000682,0.00040492957746482075
2025-03-27 01:00:00-04:00,569.33,569.37,568.87,569.1,8300,,,577.305,564.94,False,False,False,False,False,False,up,-1.0500000000000682,0.00040492957746482075
2025-03-27 01:15:00-04:00,569.11,569.49,568.82,569.45,8521,,,577.305,564.94,False,False,False,False,False,False,up,-1.0500000000000682,0.00040492957746482075
2025-03-27 01:30:00-04:00,569.46,569.5,569.0,569.19,13561,,,577.305,564.94,False,False,False,False,False,False,up,-1.0500000000000682,0.00040492957746482075
2025-03-27 01:45:00-04:00,569.21,569.62,569.19,569.45,9939,,,577.305,564.94,False,False,False,False,False,False,up,-1.0500000000000682,0.00040492957746482075
2025-03-27 02:00:00-04:00,569.47,569.88,569.34,569.59,16490,,,577.305,564.94,False,False,False,False,False,False,up,-1.0500000000000682,0.00040492957746482075
2025-03-27 02:15:00-04:00,569.62,569.63,569.22,569.33,20417,,,577.305,564.94,False,False,False,False,False,False,up,-1.0500000000000682,0.00040492957746482075
2025-03-27 02:30:00-04:00,569.33,569.48,569.04,569.21,4867,,,577.305,564.94,False,False,False,False,False,False,up,-1.0500000000000682,0.00040492957746482075
2025-03-27 02:45:00-04:00,569.16,569.22,568.29,568.31,25222,,,577.305,564.94,False,False,False,False,False,False,up,-1.0500000000000682,0.00040492957746482075
2025-03-27 03:00:00-04:00,568.35,568.88,568.05,568.23,46915,,,577.305,564.94,False,False,False,False,False,False,up,-1.0500000000000682,0.00040492957746482075
2025-03-27 03:15:00-04:00,568.27,568.4,567.39,567.47,53582,,,577.305,564.94,False,False,False,False,False,False,up,-1.0500000000000682,0.00040492957746482075
2025-03-27 03:30:00-04:00,567.47,568.33,567.47,568.2,66836,,,577.305,564.94,False,False,False,False,False,False,up,-1.0500000000000682,0.00040492957746482075
2025-03-27 03:45:00-04:00,568.21,568.83,568.16,568.67,22458,,,577.305,564.94,False,False,False,False,False,False,up,-1.0500000000000682,0.00040492957746482075
2025-03-27 04:00:00-04:00,568.5077,570.0,567.249,568.33,178330,,,577.305,564.94,False,False,False,False,False,False,up,-1.0500000000000682,0.00040492957746482075
2025-03-27 04:15:00-04:00,568.285,568.4,567.86,567.91,44516,,,577.305,564.94,False,False,False,False,False,False,up,-1.0500000000000682,0.00040492957746482075
2025-03-27 04:30:00-04:00,568.1,568.98,568.0109,568.29,93593,,,577.305,564.94,False,False,False,False,False,False,up,-1.0500000000000682,0.00040492957746482075
2025-03-27 04:45:00-04:00,568.291,568.59,567.91,568.13,56088,,,577.305,564.94,False,False,False,False,False,False,up,-1.0500000000000682,0.00040492957746482075
2025-03-27 05:00:00-04:00,568.13,577.305,567.63,567.665,34030,,,577.305,564.94,False,False,False,False,False,False,up,-1.0500000000000682,0.00040492957746482075
2025-03-27 05:15:00-04:00,567.63,567.77,566.85,567.125,159802,,,577.305,564.94,False,False,False,False,False,False,up,-1.0500000000000682,0.00040492957746482075
2025-03-27 05:30:00-04:00,567.18,567.52,564.94,565.5653,2912433,,,577.305,564.94,False,False,False,False,False,False,up,-1.0500000000000682,0.00040492957746482075
2025-03-27 05:45:00-04:00,565.56,568.43,565.56,568.33,3015411,,,577.305,564.94,False,False,False,False,False,False,up,-1.0500000000000682,0.00040492957746482075
2025-03-27 06:00:00-04:00,568.31,569.07,567.53,568.87,1911674,,,577.305,564.94,False,False,False,False,False,False,up,-1.0500000000000682,0.00040492957746482075
2025-03-27 06:15:00-04:00,568.89,569.58,568.23,569.52,1020265,,,577.305,564.94,False,False,False,False,False,False,up,-1.0500000000000682,0.00040492957746482075
2025-03-27 06:30:00-04:00,569.52,570.6,569.25,570.41,1736505,,,577.305,564.94,False,False,False,False,False,False,up,-1.0500000000000682,0.00040492957746482075
2025-03-27 06:45:00-04:00,570.42,570.7999,569.72,570.7999,1196392,,,577.305,564.94,False,False,False,False,False,False,up,-1.0500000000000682,0.00040492957746482075
2025-03-27 07:00:00-04:00,570.8,570.9,570.05,570.7,1509129,,,577.305,564.94,False,False,False,False,False,False,up,-1.0500000000000682,0.00040492957746482075
2025-03-27 07:15:00-04:00,570.7,570.88,569.81,569.86,674372,,,577.305,564.94,False,False,False,False,False,False,up,-1.0500000000000682,0.00040492957746482075
2025-03-27 07:30:00-04:00,569.88,569.88,568.15,568.395,1382851,,,577.305,564.94,False,False,False,False,False,False,up,-1.0500000000000682,0.00040492957746482075
2025-03-27 07:45:00-04:00,568.41,568.6,567.85,567.94,981479,,,577.305,564.94,False,False,False,False,False,False,up,-1.0500000000000682,0.00040492957746482075
2025-03-27 08:00:00-04:00,567.96,569.26,567.79,568.89,904699,,,577.305,564.94,False,False,False,False,False,False,up,-1.0500000000000682,0.00040492957746482075
2025-03-27 08:15:00-04:00,568.89,569.9102,568.53,568.645,791498,,,577.305,564.94,False,False,False,False,False,False,up,-1.0500000000000682,0.00040492957746482075
2025-03-27 08:30:00-04:00,568.65,569.3,568.31,568.68,541596,,,577.305,564.94,False,False,False,False,False,False,up,-1.0500000000000682,0.00040492957746482075
2025-03-27 08:45:00-04:00,568.64,568.85,566.6001,566.66,1246100,,,577.305,564.94,False,False,False,False,False,False,up,-1.0500000000000682,0.00040492957746482075
2025-03-27 09:00:00-04:00,566.66,568.0663,566.38,568.04,1029006,,,577.305,564.94,False,False,False,False,False,False,up,-1.0500000000000682,0.00040492957746482075
2025-03-27 09:15:00-04:00,568.03,568.19,566.73,566.76,1016290,,,577.305,564.94,False,False,False,False,False,False,up,-1.0500000000000682,0.00040492957746482075
2025-03-27 09:30:00-04:00,566.79,567.47,566.64,566.79,710649,,,577.305,564.94,False,False,False,False,False,False,up,-1.0500000000000682,0.00040492957746482075
2025-03-27 09:45:00-04:00,566.83,567.7676,566.423,566.635,736083,,,577.305,564.94,False,False,False,False,False,False,up,-1.0500000000000682,0.00040492957746482075
2025-03-27 10:00:00-04:00,566.65,568.505,566.56,568.4671,1094053,,,577.305,564.94,False,False,False,False,False,False,up,-1.0500000000000682,0.00040492957746482075
2025-03-27 10:15:00-04:00,568.49,568.68,567.64,567.96,797495,,,577.305,564.94,False,False,False,False,False,False,up,-1.0500000000000682,0.00040492957746482075
2025-03-27 10:30:00-04:00,567.92,568.96,567.55,568.48,974801,,,577.305,564.94,False,False,False,False,False,False,up,-1.0500000000000682,0.00040492957746482075
2025-03-27 10:45:00-04:00,568.5,569.1875,567.42,567.56,880088,,,577.305,564.94,False,False,False,False,False,False,up,-1.0500000000000682,0.00040492957746482075
2025-03-27 11:00:00-04:00,567.54,569.1,567.43,569.0724,1390800,,,577.305,564.94,False,False,False,False,False,False,up,-1.0500000000000682,0.00040492957746482075
2025-03-27 11:15:00-04:00,569.07,570.03,568.923,569.78,1643188,,,577.305,564.94,False,False,False,False,False,False,up,-1.0500000000000682,0.00040492957746482075
2025-03-27 11:30:00-04:00,569.76,569.81,568.37,568.76,2552523,,,577.305,564.94,False,False,False,False,False,False,up,-1.0500000000000682,0.00040492957746482075
2025-03-27 11:45:00-04:00,568.76,569.06,566.72,567.0,5334874,,,577.305,564.94,False,False,False,False,False,False,up,-1.0500000000000682,0.00040492957746482075
2025-03-27 12:00:00-04:00,567.02,568.0,566.92,567.24,3933798,,,577.305,564.94,False,False,False,False,False,False,up,-1.0500000000000682,0.00040492957746482075
2025-03-27 12:15:00-04:00,567.29,568.9468,566.96,567.3,482751,,,577.305,564.94,False,False,False,False,False,False,up,-1.0500000000000682,0.00040492957746482075
2025-03-27 12:30:00-04:00,567.25,567.47,536.2496,567.395,28082,,,577.305,564.94,False,False,False,False,False,False,up,-1.0500000000000682,0.00040492957746482075
2025-03-27 12:45:00-04:00,567.4,571.2973,532.071,567.1389,50848,,,577.305,564.94,False,False,False,False,False,False,up,-1.0500000000000682,0.00040492957746482075
2025-03-27 13:00:00-04:00,567.05,571.2973,549.6558,567.0,99675,,,577.305,564.94,False,False,False,False,False,False,up,-1.0500000000000682,0.00040492957746482075
2025-03-27 13:15:00-04:00,566.99,567.08,566.97,566.98,151053,,,577.305,564.94,False,False,False,False,False,False,up,-1.0500000000000682,0.00040492957746482075
2025-03-27 13:30:00-04:00,567.01,568.2019,566.96,567.05,220534,,,577.305,564.94,False,False,False,False,False,False,up,-1.0500000000000682,0.00040492957746482075
2025-03-27 13:45:00-04:00,567.05,567.05,566.96,567.05,14720,,,577.305,564.94,False,False,False,False,False,False,up,-1.0500000000000682,0.00040492957746482075
2025-03-27 14:00:00-04:00,566.99,567.36,566.84,566.885,36507,,,577.305,564.94,False,False,False,False,False,False,up,-1.0500000000000682,0.00040492957746482075
2025-03-27 14:15:00-04:00,566.89,567.13,566.83,566.995,30431,,,577.305,564.94,False,False,False,False,False,False,up,-1.0500000000000682,0.00040492957746482075
2025-03-27 14:30:00-04:00,567.08,567.22,566.995,567.16,718185,,,577.305,564.94,False,False,False,False,False,False,up,-1.0500000000000682,0.00040492957746482075
2025-03-27 14:45:00-04:00,567.16,567.19,566.9,566.94,6210,,,577.305,564.94,False,False,False,False,False,False,up,-1.0500000000000682,0.00040492957746482075
2025-03-27 15:00:00-04:00,566.97,567.03,566.2,566.36,20713,,,577.305,564.94,False,False,False,False,False,False,up,-1.0500000000000682,0.00040492957746482075
2025-03-27 15:15:00-04:00,566.37,566.5283,566.24,566.45,9288,,,577.305,564.94,False,False,False,False,False,False,up,-1.0500000000000682,0.00040492957746482075
2025-03-27 15:30:00-04:00,566.48,566.48,566.15,566.3601,6680,,,577.305,564.94,False,False,False,False,False,False,up,-1.0500000000000682,0.00040492957746482075
2025-03-27 15:45:00-04:00,566.38,566.65,566.3,566.57,32824,,,577.305,564.94,False,False,False,False,False,False,up,-1.0500000000000682,0.00040492957746482075
2025-03-27 16:00:00-04:00,567.08,567.08,567.08,567.08,705980,,,577.305,564.94,False,False,False,False,False,False,up,-1.0500000000000682,0.00040492957746482075
2025-03-28 00:00:00-04:00,566.48,566.88,564.42,565.14,28165,577.305,532.071,567.9,555.92,False,False,False,False,False,False,down,-0.5199999999999818,-0.000759073577178477
2025-03-28 00:15:00-04:00,565.17,565.42,564.62,564.93,4390,577.305,532.071,567.9,555.92,False,False,False,False,False,False,down,-0.5199999999999818,-0.000759073577178477
2025-03-28 00:30:00-04:00,564.83,565.48,564.55,565.47,15186,577.305,532.071,567.9,555.92,False,False,False,False,False,False,down,-0.5199999999999818,-0.000759073577178477
2025-03-28 00:45:00-04:00,565.5,565.9,565.4,565.74,5012,577.305,532.071,567.9,555.92,False,False,False,False,False,False,down,-0.5199999999999818,-0.000759073577178477
2025-03-28 01:00:00-04:00,565.83,566.03,565.7,566.0,10462,577.305,532.071,567.9,555.92,False,False,False,False,False,False,down,-0.5199999999999818,-0.000759073577178477
2025-03-28 01:15:00-04:00,565.95,566.01,565.78,565.92,3855,577.305,532.071,567.9,555.92,False,False,False,False,False,False,down,-0.5199999999999818,-0.000759073577178477
2025-03-28 01:30:00-04:00,565.92,566.18,565.7,566.1,6819,577.305,532.071,567.9,555.92,False,False,False,False,False,False,down,-0.5199999999999818,-0.000759073577178477
2025-03-28 01:45:00-04:00,565.94,565.95,565.42,565.64,3179,577.305,532.071,567.9,555.92,False,False,False,False,False,False,down,-0.5199999999999818,-0.000759073577178477
2025-03-28 02:00:00-04:00,565.7,566.67,565.64,566.43,4279,577.305,532.071,567.9,555.92,False,False,False,False,False,False,down,-0.5199999999999818,-0.000759073577178477
2025-03-28 02:15:00-04:00,566.45,566.88,566.4,566.75,3709,577.305,532.071,567.9,555.92,False,False,False,False,False,False,down,-0.5199999999999818,-0.000759073577178477
2025-03-28 02:30:00-04:00,566.8,567.1,566.68,566.96,5542,577.305,532.071,567.9,555.92,False,False,False,False,False,False,down,-0.5199999999999818,-0.000759073577178477
2025-03-28 02:45:00-04:00,566.96,567.09,566.5,566.6,19681,577.305,532.071,567.9,555.92,False,False,False,False,False,False,down,-0.5199999999999818,-0.000759073577178477
2025-03-28 03:00:00-04:00,566.7,566.8,566.02,566.05,17394,577.305,532.071,567.9,555.92,False,False,False,False,False,False,down,-0.5199999999999818,-0.000759073577178477
2025-03-28 03:15:00-04:00,566.08,566.65,566.08,566.25,27035,577.305,532.071,567.9,555.92,False,False,False,False,False,False,down,-0.5199999999999818,-0.000759073577178477
2025-03-28 03:30:00-04:00,566.25,566.25,565.8,566.19,103641,577.305,532.071,567.9,555.92,False,False,False,False,False,False,down,-0.5199999999999818,-0.000759073577178477
2025-03-28 03:45:00-04:00,566.19,566.49,565.99,566.45,33533,577.305,532.071,567.9,555.92,False,False,False,False,False,False,down,-0.5199999999999818,-0.000759073577178477
2025-03-28 04:00:00-04:00,564.6155,567.9,564.42,566.0198,77955,577.305,532.071,567.9,555.92,False,False,False,False,False,False,down,-0.5199999999999818,-0.000759073577178477
2025-03-28 04:15:00-04:00,566.0,567.08,565.925,566.12,47282,577.305,532.071,567.9,555.92,False,False,False,False,False,False,down,-0.5199999999999818,-0.000759073577178477
2025-03-28 04:30:00-04:00,565.95,567.15,564.5,564.9,296937,577.305,532.071,567.9,555.92,False,False,False,False,False,False,down,-0.5199999999999818,-0.000759073577178477
2025-03-28 04:45:00-04:00,564.91,567.08,564.43,564.43,116681,577.305,532.071,567.9,555.92,False,False,False,False,False,False,down,-0.5199999999999818,-0.000759073577178477
2025-03-28 05:00:00-04:00,564.46,566.19,564.29,566.14,483972,577.305,532.071,567.9,555.92,False,False,False,False,False,False,down,-0.5199999999999818,-0.000759073577178477
2025-03-28 05:15:00-04:00,566.19,566.64,555.92,565.51,289203,577.305,532.071,567.9,555.92,False,False,False,False,False,False,down,-0.5199999999999818,-0.000759073577178477
2025-03-28 05:30:00-04:00,565.53,566.2675,564.37,565.01,2637621,577.305,532.071,567.9,555.92,False,False,False,False,False,False,down,-0.5199999999999818,-0.000759073577178477
2025-03-28 05:45:00-04:00,565.04,565.56,563.76,563.9399,1432656,577.305,532.071,567.9,555.92,False,False,False,False,False,False,down,-0.5199999999999818,-0.000759073577178477
2025-03-28 06:00:00-04:00,563.84,564.36,561.15,561.38,3228796,577.305,532.071,567.9,555.92,False,False,False,False,False,False,down,-0.5199999999999818,-0.000759073577178477
2025-03-28 06:15:00-04:00,561.39,561.4981,559.49,559.57,4018973,577.305,532.071,567.9,555.92,False,False,False,False,False,False,down,-0.5199999999999818,-0.000759073577178477
2025-03-28 06:30:00-04:00,559.565,560.15,558.33,559.6,3912270,577.305,532.071,567.9,555.92,False,False,False,False,False,False,down,-0.5199999999999818,-0.000759073577178477
2025-03-28 06:45:00-04:00,559.6,559.6587,558.26,558.79,1873705,577.305,532.071,567.9,555.92,False,False,False,False,False,False,down,-0.5199999999999818,-0.000759073577178477
2025-03-28 07:00:00-04:00,558.8,559.35,557.77,558.93,3145933,577.305,532.071,567.9,555.92,False,False,False,False,False,False,down,-0.5199999999999818,-0.000759073577178477
2025-03-28 07:15:00-04:00,558.9499,559.25,558.075,558.94,1543543,577.305,532.071,567.9,555.92,False,False,False,False,False,False,down,-0.5199999999999818,-0.000759073577178477
2025-03-28 07:30:00-04:00,558.94,559.8,558.66,559.08,1552994,577.305,532.071,567.9,555.92,False,False,False,False,False,False,down,-0.5199999999999818,-0.000759073577178477
2025-03-28 07:45:00-04:00,559.04,559.32,557.91,557.93,1149933,577.305,532.071,567.9,555.92,False,False,False,False,False,False,down,-0.5199999999999818,-0.000759073577178477
2025-03-28 08:00:00-04:00,557.92,558.8,557.9,558.115,1088227,577.305,532.071,567.9,555.92,False,False,False,False,False,False,down,-0.5199999999999818,-0.000759073577178477
2025-03-28 08:15:00-04:00,558.1,558.1785,556.631,556.84,1807607,577.305,532.071,567.9,555.92,False,False,False,False,False,False,down,-0.5199999999999818,-0.000759073577178477
2025-03-28 08:30:00-04:00,556.845,557.4633,556.835,556.9,1440784,577.305,532.071,567.9,555.92,False,False,False,False,False,False,down,-0.5199999999999818,-0.000759073577178477
2025-03-28 08:45:00-04:00,556.88,557.5787,556.44,556.5432,1268213,577.305,532.071,567.9,555.92,False,False,False,False,False,False,down,-0.5199999999999818,-0.000759073577178477
2025-03-28 09:00:00-04:00,556.5,556.54,555.64,555.79,1684866,577.305,532.071,567.9,555.92,False,False,False,False,False,False,down,-0.5199999999999818,-0.000759073577178477
2025-03-28 09:15:00-04:00,555.77,556.7,555.25,555.39,1846853,577.305,532.071,567.9,555.92,False,False,False,False,False,False,down,-0.5199999999999818,-0.000759073577178477
2025-03-28 09:30:00-04:00,555.4,556.11,555.22,555.69,1430965,577.305,532.071,567.9,555.92,False,False,False,False,False,False,down,-0.5199999999999818,-0.000759073577178477
2025-03-28 09:45:00-04:00,555.71,556.45,555.5,556.41,1267445,577.305,532.071,567.9,555.92,False,False,False,False,False,False,down,-0.5199999999999818,-0.000759073577178477
2025-03-28 10:00:00-04:00,556.39,556.97,555.96,556.33,1656487,577.305,532.071,567.9,555.92,False,False,False,False,False,False,down,-0.5199999999999818,-0.000759073577178477
2025-03-28 10:15:00-04:00,556.3494,556.7,555.63,555.99,1231954,577.305,532.071,567.9,555.92,False,False,False,False,False,False,down,-0.5199999999999818,-0.000759073577178477
2025-03-28 10:30:00-04:00,555.965,556.34,555.5,555.6,1300455,577.305,532.071,567.9,555.92,False,False,False,False,False,False,down,-0.5199999999999818,-0.000759073577178477
2025-03-28 10:45:00-04:00,555.59,556.24,555.31,556.18,1749256,577.305,532.071,567.9,555.92,False,False,False,False,False,False,down,-0.5199999999999818,-0.000759073577178477
2025-03-28 11:00:00-04:00,556.21,556.72,555.93,556.2375,1682428,577.305,532.071,567.9,555.92,False,False,False,False,False,False,down,-0.5199999999999818,-0.000759073577178477
2025-03-28 11:15:00-04:00,556.24,556.42,555.66,555.77,1617076,577.305,532.071,567.9,555.92,False,False,False,False,False,False,down,-0.5199999999999818,-0.000759073577178477
2025-03-28 11:30:00-04:00,555.78,555.8242,555.07,555.375,2886807,577.305,532.071,567.9,555.92,False,False,False,False,False,False,down,-0.5199999999999818,-0.000759073577178477
2025-03-28 11:45:00-04:00,555.38,556.5,555.2,555.83,9715747,577.305,532.071,567.9,555.92,False,False,False,False,False,False,down,-0.5199999999999818,-0.000759073577178477
2025-03-28 12:00:00-04:00,555.84,567.079,554.555,554.7893,15891574,577.305,532.071,567.9,555.92,False,False,False,False,False,False,down,-0.5199999999999818,-0.000759073577178477
2025-03-28 12:15:00-04:00,554.78,567.08,554.1,554.2,567647,577.305,532.071,567.9,555.92,False,False,False,False,False,False,down,-0.5199999999999818,-0.000759073577178477
2025-03-28 12:30:00-04:00,554.24,554.38,538.2559,554.24,144616,577.305,532.071,567.9,555.92,False,False,False,False,False,False,down,-0.5199999999999818,-0.000759073577178477
2025-03-28 12:45:00-04:00,554.24,575.3941,516.4665,553.725,136673,577.305,532.071,567.9,555.92,False,False,False,False,False,False,down,-0.5199999999999818,-0.000759073577178477
2025-03-28 13:00:00-04:00,553.76,564.5945,523.4996,553.96,138287,577.305,532.071,567.9,555.92,False,False,False,False,False,False,down,-0.5199999999999818,-0.000759073577178477
2025-03-28 13:15:00-04:00,553.95,554.09,553.51,554.03,23096,577.305,532.071,567.9,555.92,False,False,False,False,False,False,down,-0.5199999999999818,-0.000759073577178477
2025-03-28 13:30:00-04:00,554.06,554.17,553.9,553.97,31840,577.305,532.071,567.9,555.92,False,False,False,False,False,False,down,-0.5199999999999818,-0.000759073577178477
2025-03-28 13:45:00-04:00,553.98,554.13,553.9,554.0603,15633,577.305,532.071,567.9,555.92,False,False,False,False,False,False,down,-0.5199999999999818,-0.000759073577178477
2025-03-28 14:00:00-04:00,554.075,554.35,553.85,554.145,36456,577.305,532.071,567.9,555.92,False,False,False,False,False,False,down,-0.5199999999999818,-0.000759073577178477
2025-03-28 14:15:00-04:00,554.29,554.52,554.0,554.47,37058,577.305,532.071,567.9,555.92,False,False,False,False,False,False,down,-0.5199999999999818,-0.000759073577178477
2025-03-28 14:30:00-04:00,555.66,555.66,554.0,554.48,2597352,577.305,532.071,567.9,555.92,False,False,False,False,False,False,down,-0.5199999999999818,-0.000759073577178477
2025-03-28 14:45:00-04:00,554.48,554.52,554.203,554.3,3803,577.305,532.071,567.9,555.92,False,False,False,False,False,False,down,-0.5199999999999818,-0.000759073577178477
2025-03-28 15:00:00-04:00,554.25,554.37,554.11,554.215,5401,577.305,532.071,567.9,555.92,False,False,False,False,False,False,down,-0.5199999999999818,-0.000759073577178477
2025-03-28 15:15:00-04:00,554.215,554.32,554.11,554.2,8870,577.305,532.071,567.9,555.92,False,False,False,False,False,False,down,-0.5199999999999818,-0.000759073577178477
2025-03-28 15:30:00-04:00,554.235,554.3,554.15,554.2,5461,577.305,532.071,567.9,555.92,False,False,False,False,False,False,down,-0.5199999999999818,-0.000759073577178477
2025-03-28 15:45:00-04:00,554.2,554.25,553.91,554.115,17202,577.305,532.071,567.9,555.92,False,False,False,False,False,False,down,-0.5199999999999818,-0.000759073577178477
2025-03-28 16:00:00-04:00,555.66,555.66,555.66,555.66,2579895,577.305,532.071,567.9,555.92,False,False,False,False,False,False,down,-0.5199999999999818,-0.000759073577178477
2025-03-31 00:00:00-04:00,552.6,552.6,551.22,552.44,56227,575.3941,516.4665,555.66,546.87,False,False,False,False,False,False,down,-0.2199999999999136,-0.004614549402823142
2025-03-31 00:15:00-04:00,552.44,552.57,551.32,551.54,17855,575.3941,516.4665,555.66,546.87,False,False,False,False,False,False,down,-0.2199999999999136,-0.004614549402823142
2025-03-31 00:30:00-04:00,551.57,551.75,551.17,551.17,14560,575.3941,516.4665,555.66,546.87,False,False,False,False,False,False,down,-0.2199999999999136,-0.004614549402823142
2025-03-31 00:45:00-04:00,551.15,551.23,550.74,550.8,36286,575.3941,516.4665,555.66,546.87,False,False,False,False,False,False,down,-0.2199999999999136,-0.004614549402823142
2025-03-31 01:00:00-04:00,550.73,550.74,549.78,549.95,35214,575.3941,516.4665,555.66,546.87,False,False,False,False,False,False,down,-0.2199999999999136,-0.004614549402823142
2025-03-31 01:15:00-04:00,549.98,551.12,549.98,550.97,35779,575.3941,516.4665,555.66,546.87,False,False,False,False,False,False,down,-0.2199999999999136,-0.004614549402823142
2025-03-31 01:30:00-04:00,551.01,551.24,550.32,550.37,9084,575.3941,516.4665,555.66,546.87,False,False,False,False,False,False,down,-0.2199999999999136,-0.004614549402823142
2025-03-31 01:45:00-04:00,550.34,550.59,550.12,550.42,24054,575.3941,516.4665,555.66,546.87,False,False,False,False,False,False,down,-0.2199999999999136,-0.004614549402823142
2025-03-31 02:00:00-04:00,550.47,550.72,550.12,550.54,47296,575.3941,516.4665,555.66,546.87,False,False,False,False,False,False,down,-0.2199999999999136,-0.004614549402823142
2025-03-31 02:15:00-04:00,550.56,550.65,550.17,550.58,84076,575.3941,516.4665,555.66,546.87,False,False,False,False,False,False,down,-0.2199999999999136,-0.004614549402823142
2025-03-31 02:30:00-04:00,550.61,550.9,550.52,550.7,31174,575.3941,516.4665,555.66,546.87,False,False,False,False,False,False,down,-0.2199999999999136,-0.004614549402823142
2025-03-31 02:45:00-04:00,550.65,551.07,550.59,550.7,64408,575.3941,516.4665,555.66,546.87,False,False,False,False,False,False,down,-0.2199999999999136,-0.004614549402823142
2025-03-31 03:00:00-04:00,550.74,551.07,549.86,550.05,75615,575.3941,516.4665,555.66,546.87,False,False,False,False,False,False,down,-0.2199999999999136,-0.004614549402823142
2025-03-31 03:15:00-04:00,550.05,550.49,549.14,549.25,82758,575.3941,516.4665,555.66,546.87,False,False,False,False,False,False,down,-0.2199999999999136,-0.004614549402823142
2025-03-31 03:30:00-04:00,549.28,549.65,548.7,549.33,156203,575.3941,516.4665,555.66,546.87,False,False,False,False,False,False,down,-0.2199999999999136,-0.004614549402823142
2025-03-31 03:45:00-04:00,549.29,549.94,549.25,549.71,136475,575.3941,516.4665,555.66,546.87,False,False,False,False,False,False,down,-0.2199999999999136,-0.004614549402823142
2025-03-31 04:00:00-04:00,550.81,555.66,548.71,549.55,184118,575.3941,516.4665,555.66,546.87,False,False,False,False,False,False,down,-0.2199999999999136,-0.004614549402823142
2025-03-31 04:15:00-04:00,549.55,550.26,549.2,550.05,152436,575.3941,516.4665,555.66,546.87,False,False,False,False,False,False,down,-0.2199999999999136,-0.004614549402823142
2025-03-31 04:30:00-04:00,550.06,550.84,549.9,550.84,138910,575.3941,516.4665,555.66,546.87,False,False,False,False,False,False,down,-0.2199999999999136,-0.004614549402823142
2025-03-31 04:45:00-04:00,550.8015,555.66,550.56,550.88,75973,575.3941,516.4665,555.66,546.87,False,False,False,False,False,False,down,-0.2199999999999136,-0.004614549402823142
2025-03-31 05:00:00-04:00,550.89,551.2,550.52,550.725,129815,575.3941,516.4665,555.66,546.87,False,False,False,False,False,False,down,-0.2199999999999136,-0.004614549402823142
2025-03-31 05:15:00-04:00,550.77,555.66,549.71,549.89,245060,575.3941,516.4665,555.66,546.87,False,False,False,False,False,False,down,-0.2199999999999136,-0.004614549402823142
2025-03-31 05:30:00-04:00,549.83,550.63,547.38,547.4214,4776422,575.3941,516.4665,555.66,546.87,False,False,False,False,False,False,down,-0.2199999999999136,-0.004614549402823142
2025-03-31 05:45:00-04:00,547.42,550.54,546.87,549.74,3791848,575.3941,516.4665,555.66,546.87,False,False,False,False,False,False,down,-0.2199999999999136,-0.004614549402823142
2025-03-31 06:00:00-04:00,549.75,551.59,549.64,550.91,2246992,575.3941,516.4665,555.66,546.87,False,False,False,False,False,False,down,-0.2199999999999136,-0.004614549402823142
2025-03-31 06:15:00-04:00,550.88,551.1,549.43,549.51,1896774,575.3941,516.4665,555.66,546.87,False,False,False,False,False,False,down,-0.2199999999999136,-0.004614549402823142
2025-03-31 06:30:00-04:00,549.55,551.92,549.49,550.87,2519820,575.3941,516.4665,555.66,546.87,False,False,False,False,False,False,down,-0.2199999999999136,-0.004614549402823142
2025-03-31 06:45:00-04:00,550.86,551.98,550.63,551.6,1335124,575.3941,516.4665,555.66,546.87,False,False,False,False,False,False,down,-0.2199999999999136,-0.004614549402823142
2025-03-31 07:00:00-04:00,551.61,552.6,551.332,551.42,1944009,575.3941,516.4665,555.66,546.87,False,False,False,False,False,False,down,-0.2199999999999136,-0.004614549402823142
2025-03-31 07:15:00-04:00,551.43,553.47,551.236,552.53,1768560,575.3941,516.4665,555.66,546.87,False,False,False,False,False,False,down,-0.2199999999999136,-0.004614549402823142
2025-03-31 07:30:00-04:00,552.51,553.83,552.0937,553.25,1315346,575.3941,516.4665,555.66,546.87,False,False,False,False,False,False,down,-0.2199999999999136,-0.004614549402823142
2025-03-31 07:45:00-04:00,553.25,554.12,553.13,553.32,1493038,575.3941,516.4665,555.66,546.87,False,False,False,False,False,False,down,-0.2199999999999136,-0.004614549402823142
2025-03-31 08:00:00-04:00,553.32,553.84,551.915,552.48,1129251,575.3941,516.4665,555.66,546.87,False,False,False,False,False,False,down,-0.2199999999999136,-0.004614549402823142
2025-03-31 08:15:00-04:00,552.44,554.59,552.25,554.555,1554701,575.3941,516.4665,555.66,546.87,False,False,False,False,False,False,down,-0.2199999999999136,-0.004614549402823142
2025-03-31 08:30:00-04:00,554.55,554.55,553.73,553.93,874524,575.3941,516.4665,555.66,546.87,False,False,False,False,False,False,down,-0.2199999999999136,-0.004614549402823142
2025-03-31 08:45:00-04:00,553.95,554.4599,553.12,553.33,924817,575.3941,516.4665,555.66,546.87,False,False,False,False,False,False,down,-0.2199999999999136,-0.004614549402823142
2025-03-31 09:00:00-04:00,553.26,555.16,553.0238,554.81,1359489,575.3941,516.4665,555.66,546.87,False,False,False,False,False,False,down,-0.2199999999999136,-0.004614549402823142
2025-03-31 09:15:00-04:00,554.81,554.8509,552.82,553.64,1536682,575.3941,516.4665,555.66,546.87,False,False,False,False,False,False,down,-0.2199999999999136,-0.004614549402823142
2025-03-31 09:30:00-04:00,553.6303,554.21,552.94,553.02,935608,575.3941,516.4665,555.66,546.87,False,False,False,False,False,False,down,-0.2199999999999136,-0.004614549402823142
2025-03-31 09:45:00-04:00,553.01,554.13,552.71,553.16,1073246,575.3941,516.4665,555.66,546.87,False,False,False,False,False,False,down,-0.2199999999999136,-0.004614549402823142
2025-03-31 10:00:00-04:00,553.15,556.945,553.02,556.12,3613898,575.3941,516.4665,555.66,546.87,False,False,False,False,False,False,down,-0.2199999999999136,-0.004614549402823142
2025-03-31 10:15:00-04:00,556.12,556.96,555.73,556.95,2368798,575.3941,516.4665,555.66,546.87,False,False,False,False,False,False,down,-0.2199999999999136,-0.004614549402823142
2025-03-31 10:30:00-04:00,556.93,557.95,556.74,557.35,2258439,575.3941,516.4665,555.66,546.87,False,False,False,False,False,False,down,-0.2199999999999136,-0.004614549402823142
2025-03-31 10:45:00-04:00,557.36,557.87,556.26,556.39,2562036,575.3941,516.4665,555.66,546.87,False,False,False,False,False,False,down,-0.2199999999999136,-0.004614549402823142
2025-03-31 11:00:00-04:00,556.39,558.93,556.365,558.51,2887986,575.3941,516.4665,555.66,546.87,False,False,False,False,False,False,down,-0.2199999999999136,-0.004614549402823142
2025-03-31 11:15:00-04:00,558.51,559.19,557.2113,557.41,5035622,575.3941,516.4665,555.66,546.87,False,False,False,False,False,False,down,-0.2199999999999136,-0.004614549402823142
2025-03-31 11:30:00-04:00,557.39,560.7112,557.13,559.42,5697972,575.3941,516.4665,555.66,546.87,False,False,False,False,False,False,down,-0.2199999999999136,-0.004614549402823142
2025-03-31 11:45:00-04:00,559.39,560.06,557.84,559.15,12489397,575.3941,516.4665,555.66,546.87,False,False,False,False,False,False,down,-0.2199999999999136,-0.004614549402823142
2025-03-31 12:00:00-04:00,559.14,559.39,554.9923,558.1,29590821,575.3941,516.4665,555.66,546.87,False,False,False,False,False,False,down,-0.2199999999999136,-0.004614549402823142
2025-03-31 12:15:00-04:00,558.1,559.39,555.9451,558.06,516927,575.3941,516.4665,555.66,546.87,False,False,False,False,False,False,down,-0.2199999999999136,-0.004614549402823142
2025-03-31 12:30:00-04:00,558.07,559.39,557.92,558.2396,177433,575.3941,516.4665,555.66,546.87,False,False,False,False,False,False,down,-0.2199999999999136,-0.004614549402823142
2025-03-31 12:45:00-04:00,558.2,558.2,519.7003,535.4727,65631,575.3941,516.4665,555.66,546.87,False,False,False,False,False,False,down,-0.2199999999999136,-0.004614549402823142
2025-03-31 13:00:00-04:00,557.97,565.8309,519.7003,558.0,405777,575.3941,516.4665,555.66,546.87,False,False,False,False,False,False,down,-0.2199999999999136,-0.004614549402823142
2025-03-31 13:15:00-04:00,558.0,559.39,557.97,558.0,59393,575.3941,516.4665,555.66,546.87,False,False,False,False,False,False,down,-0.2199999999999136,-0.004614549402823142
2025-03-31 13:30:00-04:00,558.035,558.18,425.91,558.15,11596,575.3941,516.4665,555.66,546.87,False,False,False,False,False,False,down,-0.2199999999999136,-0.004614549402823142
2025-03-31 13:45:00-04:00,558.15,558.18,558.01,558.05,24605,575.3941,516.4665,555.66,546.87,False,False,False,False,False,False,down,-0.2199999999999136,-0.004614549402823142
2025-03-31 14:00:00-04:00,558.01,558.06,358.0,556.55,142761,575.3941,516.4665,555.66,546.87,False,False,False,False,False,False,down,-0.2199999999999136,-0.004614549402823142
2025-03-31 14:15:00-04:00,556.52,557.11,556.17,557.0,99664,575.3941,516.4665,555.66,546.87,False,False,False,False,False,False,down,-0.2199999999999136,-0.004614549402823142
2025-03-31 14:30:00-04:00,559.39,559.39,556.92,557.545,3482395,575.3941,516.4665,555.66,546.87,False,False,False,False,False,False,down,-0.2199999999999136,-0.004614549402823142
2025-03-31 14:45:00-04:00,557.53,557.98,557.39,557.45,46839,575.3941,516.4665,555.66,546.87,False,False,False,False,False,False,down,-0.2199999999999136,-0.004614549402823142
2025-03-31 15:00:00-04:00,557.42,558.07,557.225,557.81,23484,575.3941,516.4665,555.66,546.87,False,False,False,False,False,False,down,-0.2199999999999136,-0.004614549402823142
2025-03-31 15:15:00-04:00,557.845,557.85,557.03,557.19,11325,575.3941,516.4665,555.66,546.87,False,False,False,False,False,False,down,-0.2199999999999136,-0.004614549402823142
2025-03-31 15:30:00-04:00,557.2,557.3,556.85,557.015,14066,575.3941,516.4665,555.66,546.87,False,False,False,False,False,False,down,-0.2199999999999136,-0.004614549402823142
2025-03-31 15:45:00-04:00,556.95,557.2,556.73,557.06,36432,575.3941,516.4665,555.66,546.87,False,False,False,False,False,False,down,-0.2199999999999136,-0.004614549402823142
2025-03-31 16:00:00-04:00,559.39,559.39,559.39,559.39,3454272,575.3941,516.4665,555.66,546.87,False,False,False,False,False,False,down,-0.2199999999999136,-0.004614549402823142
2025-04-01 00:00:00-04:00,557.27,558.0,557.27,557.6,24088,565.8309,358.0,561.44,551.59,False,False,False,False,False,False,down,0.8100000000000591,-0.0011305112423062348
2025-04-01 00:15:00-04:00,557.52,558.4,557.4,558.3,12398,565.8309,358.0,561.44,551.59,False,False,False,False,False,False,down,0.8100000000000591,-0.0011305112423062348
2025-04-01 00:30:00-04:00,558.26,558.8,558.08,558.77,12760,565.8309,358.0,561.44,551.59,False,False,False,False,False,False,down,0.8100000000000591,-0.0011305112423062348
2025-04-01 00:45:00-04:00,558.74,559.02,558.45,558.97,10939,565.8309,358.0,561.44,551.59,False,False,False,False,False,False,down,0.8100000000000591,-0.0011305112423062348
2025-04-01 01:00:00-04:00,558.99,559.34,558.85,558.94,16143,565.8309,358.0,561.44,551.59,False,False,False,False,False,False,down,0.8100000000000591,-0.0011305112423062348
2025-04-01 01:15:00-04:00,558.96,559.34,558.93,559.14,8318,565.8309,358.0,561.44,551.59,False,False,False,False,False,False,down,0.8100000000000591,-0.0011305112423062348
2025-04-01 01:30:00-04:00,559.12,559.83,559.08,559.76,6150,565.8309,358.0,561.44,551.59,False,False,False,False,False,False,down,0.8100000000000591,-0.0011305112423062348
2025-04-01 01:45:00-04:00,559.78,559.89,559.48,559.5,8676,565.8309,358.0,561.44,551.59,False,False,False,False,False,False,down,0.8100000000000591,-0.0011305112423062348
2025-04-01 02:00:00-04:00,559.5,559.5,557.55,557.89,40336,565.8309,358.0,561.44,551.59,False,False,False,False,False,False,down,0.8100000000000591,-0.0011305112423062348
2025-04-01 02:15:00-04:00,557.89,558.18,557.1,557.17,16965,565.8309,358.0,561.44,551.59,False,False,False,False,False,False,down,0.8100000000000591,-0.0011305112423062348
2025-04-01 02:30:00-04:00,557.13,557.37,556.0,556.84,113164,565.8309,358.0,561.44,551.59,False,False,False,False,False,False,down,0.8100000000000591,-0.0011305112423062348
2025-04-01 02:45:00-04:00,556.77,557.7,556.7,557.42,57312,565.8309,358.0,561.44,551.59,False,False,False,False,False,False,down,0.8100000000000591,-0.0011305112423062348
2025-04-01 03:00:00-04:00,557.44,557.57,556.6,556.64,63640,565.8309,358.0,561.44,551.59,False,False,False,False,False,False,down,0.8100000000000591,-0.0011305112423062348
2025-04-01 03:15:00-04:00,556.6,556.83,556.25,556.42,35453,565.8309,358.0,561.44,551.59,False,False,False,False,False,False,down,0.8100000000000591,-0.0011305112423062348
2025-04-01 03:30:00-04:00,556.33,556.7,555.44,556.16,179756,565.8309,358.0,561.44,551.59,False,False,False,False,False,False,down,0.8100000000000591,-0.0011305112423062348
2025-04-01 03:45:00-04:00,556.11,556.48,555.78,556.28,52831,565.8309,358.0,561.44,551.59,False,False,False,False,False,False,down,0.8100000000000591,-0.0011305112423062348
2025-04-01 04:00:00-04:00,557.5487,559.77,555.43,556.66,178864,565.8309,358.0,561.44,551.59,False,False,False,False,False,False,down,0.8100000000000591,-0.0011305112423062348
2025-04-01 04:15:00-04:00,556.66,559.39,555.9,556.31,63196,565.8309,358.0,561.44,551.59,False,False,False,False,False,False,down,0.8100000000000591,-0.0011305112423062348
2025-04-01 04:30:00-04:00,556.29,559.39,551.59,556.485,58294,565.8309,358.0,561.44,551.59,False,False,False,False,False,False,down,0.8100000000000591,-0.0011305112423062348
2025-04-01 04:45:00-04:00,556.49,559.39,556.25,557.07,112338,565.8309,358.0,561.44,551.59,False,False,False,False,False,False,down,0.8100000000000591,-0.0011305112423062348
2025-04-01 05:00:00-04:00,557.05,557.97,557.02,557.84,108312,565.8309,358.0,561.44,551.59,False,False,False,False,False,False,down,0.8100000000000591,-0.0011305112423062348
2025-04-01 05:15:00-04:00,557.77,558.1,557.36,557.43,179477,565.8309,358.0,561.44,551.59,False,False,False,False,False,False,down,0.8100000000000591,-0.0011305112423062348
2025-04-01 05:30:00-04:00,557.45,557.72,556.0,556.925,2539216,565.8309,358.0,561.44,551.59,False,False,False,False,False,False,down,0.8100000000000591,-0.0011305112423062348
2025-04-01 05:45:00-04:00,556.925,558.58,556.7504,557.22,1972056,565.8309,358.0,561.44,551.59,False,False,False,False,False,False,down,0.8100000000000591,-0.0011305112423062348
2025-04-01 06:00:00-04:00,557.1525,557.57,554.23,554.31,2779273,565.8309,358.0,561.44,551.59,False,False,False,False,False,False,down,0.8100000000000591,-0.0011305112423062348
2025-04-01 06:15:00-04:00,554.32,555.795,553.68,555.14,2027604,565.8309,358.0,561.44,551.59,False,False,False,False,False,False,down,0.8100000000000591,-0.0011305112423062348
2025-04-01 06:30:00-04:00,555.135,558.63,555.03,557.95,2157268,565.8309,358.0,561.44,551.59,False,False,False,False,False,False,down,0.8100000000000591,-0.0011305112423062348
2025-04-01 06:45:00-04:00,557.96,559.8,557.48,559.72,2042389,565.8309,358.0,561.44,551.59,False,False,False,False,False,False,down,0.8100000000000591,-0.0011305112423062348
2025-04-01 07:00:00-04:00,559.715,561.44,559.4,561.4,2586362,565.8309,358.0,561.44,551.59,False,False,False,False,False,False,down,0.8100000000000591,-0.0011305112423062348
2025-04-01 07:15:00-04:00,561.38,561.8794,560.595,560.799,2374221,565.8309,358.0,561.44,551.59,False,False,False,False,False,False,down,0.8100000000000591,-0.0011305112423062348
2025-04-01 07:30:00-04:00,560.82,561.22,560.2,561.1047,1363663,565.8309,358.0,561.44,551.59,False,False,False,False,False,False,down,0.8100000000000591,-0.0011305112423062348
2025-04-01 07:45:00-04:00,561.1,561.76,560.76,561.57,1077031,565.8309,358.0,561.44,551.59,False,False,False,False,False,False,down,0.8100000000000591,-0.0011305112423062348
2025-04-01 08:00:00-04:00,561.59,562.41,561.2,562.22,972089,565.8309,358.0,561.44,551.59,False,False,False,False,False,False,down,0.8100000000000591,-0.0011305112423062348
2025-04-01 08:15:00-04:00,562.2,562.94,560.65,560.75,1604666,565.8309,358.0,561.44,551.59,False,False,False,False,False,False,down,0.8100000000000591,-0.0011305112423062348
2025-04-01 08:30:00-04:00,560.76,561.06,559.335,559.47,1881950,565.8309,358.0,561.44,551.59,False,False,False,False,False,False,down,0.8100000000000591,-0.0011305112423062348
2025-04-01 08:45:00-04:00,559.5,561.38,559.38,560.69,1239115,565.8309,358.0,561.44,551.59,False,False,False,False,False,False,down,0.8100000000000591,-0.0011305112423062348
2025-04-01 09:00:00-04:00,560.6727,561.12,559.97,560.75,843043,565.8309,358.0,561.44,551.59,False,False,False,False,False,False,down,0.8100000000000591,-0.0011305112423062348
2025-04-01 09:15:00-04:00,560.735,560.86,559.18,559.42,1123633,565.8309,358.0,561.44,551.59,False,False,False,False,False,False,down,0.8100000000000591,-0.0011305112423062348
2025-04-01 09:30:00-04:00,559.33,560.36,559.1,559.35,1083291,565.8309,358.0,561.44,551.59,False,False,False,False,False,False,down,0.8100000000000591,-0.0011305112423062348
2025-04-01 09:45:00-04:00,559.3,560.28,558.91,559.0,812250,565.8309,358.0,561.44,551.59,False,False,False,False,False,False,down,0.8100000000000591,-0.0011305112423062348
2025-04-01 10:00:00-04:00,559.0,559.17,557.085,557.71,2099952,565.8309,358.0,561.44,551.59,False,False,False,False,False,False,down,0.8100000000000591,-0.0011305112423062348
2025-04-01 10:15:00-04:00,557.73,557.79,556.4293,556.6895,1495928,565.8309,358.0,561.44,551.59,False,False,False,False,False,False,down,0.8100000000000591,-0.0011305112423062348
2025-04-01 10:30:00-04:00,556.675,557.279,556.43,557.2,1072467,565.8309,358.0,561.44,551.59,False,False,False,False,False,False,down,0.8100000000000591,-0.0011305112423062348
2025-04-01 10:45:00-04:00,557.17,557.7799,556.15,557.662,1164855,565.8309,358.0,561.44,551.59,False,False,False,False,False,False,down,0.8100000000000591,-0.0011305112423062348
2025-04-01 11:00:00-04:00,557.66,558.43,557.43,558.1448,1244040,565.8309,358.0,561.44,551.59,False,False,False,False,False,False,down,0.8100000000000591,-0.0011305112423062348
2025-04-01 11:15:00-04:00,558.14,558.995,557.94,558.4293,1573971,565.8309,358.0,561.44,551.59,False,False,False,False,False,False,down,0.8100000000000591,-0.0011305112423062348
2025-04-01 11:30:00-04:00,558.43,560.0566,558.1713,559.94,1973125,565.8309,358.0,561.44,551.59,False,False,False,False,False,False,down,0.8100000000000591,-0.0011305112423062348
2025-04-01 11:45:00-04:00,559.93,561.52,559.8,561.03,5864431,565.8309,358.0,561.44,551.59,False,False,False,False,False,False,down,0.8100000000000591,-0.0011305112423062348
2025-04-01 12:00:00-04:00,561.06,561.37,558.92,561.0,6705491,565.8309,358.0,561.44,551.59,False,False,False,False,False,False,down,0.8100000000000591,-0.0011305112423062348
2025-04-01 12:15:00-04:00,561.01,561.06,559.0374,560.445,551581,565.8309,358.0,561.44,551.59,False,False,False,False,False,False,down,0.8100000000000591,-0.0011305112423062348
2025-04-01 12:30:00-04:00,560.44,560.97,560.21,560.31,163665,565.8309,358.0,561.44,551.59,False,False,False,False,False,False,down,0.8100000000000591,-0.0011305112423062348
2025-04-01 12:45:00-04:00,560.32,581.722,524.4695,560.79,837967,565.8309,358.0,561.44,551.59,False,False,False,False,False,False,down,0.8100000000000591,-0.0011305112423062348
2025-04-01 13:00:00-04:00,560.86,560.97,524.4695,560.7985,176884,565.8309,358.0,561.44,551.59,False,False,False,False,False,False,down,0.8100000000000591,-0.0011305112423062348
2025-04-01 13:15:00-04:00,560.76,561.1,560.71,560.89,21606,565.8309,358.0,561.44,551.59,False,False,False,False,False,False,down,0.8100000000000591,-0.0011305112423062348
2025-04-01 13:30:00-04:00,560.89,560.96,560.69,560.96,27937,565.8309,358.0,561.44,551.59,False,False,False,False,False,False,down,0.8100000000000591,-0.0011305112423062348
2025-04-01 13:45:00-04:00,560.95,561.13,560.8,560.93,44876,565.8309,358.0,561.44,551.59,False,False,False,False,False,False,down,0.8100000000000591,-0.0011305112423062348
2025-04-01 14:00:00-04:00,560.94,563.0,560.8,562.105,77884,565.8309,358.0,561.44,551.59,False,False,False,False,False,False,down,0.8100000000000591,-0.0011305112423062348
2025-04-01 14:15:00-04:00,562.09,562.72,561.87,562.33,38192,565.8309,358.0,561.44,551.59,False,False,False,False,False,False,down,0.8100000000000591,-0.0011305112423062348
2025-04-01 14:30:00-04:00,560.97,562.4,560.97,561.9611,1197751,565.8309,358.0,561.44,551.59,False,False,False,False,False,False,down,0.8100000000000591,-0.0011305112423062348
2025-04-01 14:45:00-04:00,562.0,562.09,561.65,561.81,23137,565.8309,358.0,561.44,551.59,False,False,False,False,False,False,down,0.8100000000000591,-0.0011305112423062348
2025-04-01 15:00:00-04:00,561.8,561.86,561.5712,561.79,9085,565.8309,358.0,561.44,551.59,False,False,False,False,False,False,down,0.8100000000000591,-0.0011305112423062348
2025-04-01 15:15:00-04:00,561.77,562.19,561.77,562.14,19573,565.8309,358.0,561.44,551.59,False,False,False,False,False,False,down,0.8100000000000591,-0.0011305112423062348
2025-04-01 15:30:00-04:00,562.14,562.28,561.95,562.0,6717,565.8309,358.0,561.44,551.59,False,False,False,False,False,False,down,0.8100000000000591,-0.0011305112423062348
2025-04-01 15:45:00-04:00,562.03,562.15,561.71,561.85,13554,565.8309,358.0,561.44,551.59,False,False,False,False,False,False,down,0.8100000000000591,-0.0011305112423062348
2025-04-01 16:00:00-04:00,560.97,560.97,560.97,560.97,1130711,565.8309,358.0,561.44,551.59,False,False,False,False,False,False,down,0.8100000000000591,-0.0011305112423062348
2025-04-02 00:00:00-04:00,560.28,560.28,558.9,559.19,17263,581.722,524.4695,562.2696,554.81,False,False,False,False,False,False,down,-2.8500000000000227,-0.0042478760619690074
2025-04-02 00:15:00-04:00,559.25,559.73,559.16,559.68,3930,581.722,524.4695,562.2696,554.81,False,False,False,False,False,False,down,-2.8500000000000227,-0.0042478760619690074
2025-04-02 00:30:00-04:00,559.57,560.24,559.55,559.91,4195,581.722,524.4695,562.2696,554.81,False,False,False,False,False,False,down,-2.8500000000000227,-0.0042478760619690074
2025-04-02 00:45:00-04:00,559.86,559.88,559.32,559.39,6545,581.722,524.4695,562.2696,554.81,False,False,False,False,False,False,down,-2.8500000000000227,-0.0042478760619690074
2025-04-02 01:00:00-04:00,559.32,559.87,559.25,559.66,4629,581.722,524.4695,562.2696,554.81,False,False,False,False,False,False,down,-2.8500000000000227,-0.0042478760619690074
2025-04-02 01:15:00-04:00,559.59,559.62,559.08,559.17,2768,581.722,524.4695,562.2696,554.81,False,False,False,False,False,False,down,-2.8500000000000227,-0.0042478760619690074
2025-04-02 01:30:00-04:00,559.13,559.77,559.09,559.74,1834,581.722,524.4695,562.2696,554.81,False,False,False,False,False,False,down,-2.8500000000000227,-0.0042478760619690074
2025-04-02 01:45:00-04:00,559.53,559.54,559.0,559.06,6774,581.722,524.4695,562.2696,554.81,False,False,False,False,False,False,down,-2.8500000000000227,-0.0042478760619690074
2025-04-02 02:00:00-04:00,559.1,559.2,557.75,558.7,161222,581.722,524.4695,562.2696,554.81,False,False,False,False,False,False,down,-2.8500000000000227,-0.0042478760619690074
2025-04-02 02:15:00-04:00,558.74,559.0,557.95,558.5,30793,581.722,524.4695,562.2696,554.81,False,False,False,False,False,False,down,-2.8500000000000227,-0.0042478760619690074
2025-04-02 02:30:00-04:00,558.39,558.53,557.6,557.82,135746,581.722,524.4695,562.2696,554.81,False,False,False,False,False,False,down,-2.8500000000000227,-0.0042478760619690074
2025-04-02 02:45:00-04:00,557.75,558.35,557.75,557.96,31388,581.722,524.4695,562.2696,554.81,False,False,False,False,False,False,down,-2.8500000000000227,-0.0042478760619690074
2025-04-02 03:00:00-04:00,557.99,558.25,557.46,557.9,69396,581.722,524.4695,562.2696,554.81,False,False,False,False,False,False,down,-2.8500000000000227,-0.0042478760619690074
2025-04-02 03:15:00-04:00,557.9,558.14,557.6,557.65,45896,581.722,524.4695,562.2696,554.81,False,False,False,False,False,False,down,-2.8500000000000227,-0.0042478760619690074
2025-04-02 03:30:00-04:00,557.68,558.05,557.2,557.65,33660,581.722,524.4695,562.2696,554.81,False,False,False,False,False,False,down,-2.8500000000000227,-0.0042478760619690074
2025-04-02 03:45:00-04:00,557.55,557.9,557.1,557.17,57161,581.722,524.4695,562.2696,554.81,False,False,False,False,False,False,down,-2.8500000000000227,-0.0042478760619690074
2025-04-02 04:00:00-04:00,559.6147,560.97,555.96,556.58,289758,581.722,524.4695,562.2696,554.81,False,False,False,False,False,False,down,-2.8500000000000227,-0.0042478760619690074
2025-04-02 04:15:00-04:00,556.6591,557.03,554.97,554.995,171970,581.722,524.4695,562.2696,554.81,False,False,False,False,False,False,down,-2.8500000000000227,-0.0042478760619690074
2025-04-02 04:30:00-04:00,555.0397,555.97,555.0208,555.84,133563,581.722,524.4695,562.2696,554.81,False,False,False,False,False,False,down,-2.8500000000000227,-0.0042478760619690074
2025-04-02 04:45:00-04:00,555.8,560.97,555.71,556.165,121814,581.722,524.4695,562.2696,554.81,False,False,False,False,False,False,down,-2.8500000000000227,-0.0042478760619690074
2025-04-02 05:00:00-04:00,556.14,556.22,555.44,555.5,117168,581.722,524.4695,562.2696,554.81,False,False,False,False,False,False,down,-2.8500000000000227,-0.0042478760619690074
2025-04-02 05:15:00-04:00,555.5,555.9199,554.84,555.03,199169,581.722,524.4695,562.2696,554.81,False,False,False,False,False,False,down,-2.8500000000000227,-0.0042478760619690074
2025-04-02 05:30:00-04:00,555.05,559.0,554.81,558.815,4357347,581.722,524.4695,562.2696,554.81,False,False,False,False,False,False,down,-2.8500000000000227,-0.0042478760619690074
2025-04-02 05:45:00-04:00,558.8,559.78,558.41,558.73,2333340,581.722,524.4695,562.2696,554.81,False,False,False,False,False,False,down,-2.8500000000000227,-0.0042478760619690074
2025-04-02 06:00:00-04:00,558.71,560.63,558.29,559.1588,1636770,581.722,524.4695,562.2696,554.81,False,False,False,False,False,False,down,-2.8500000000000227,-0.0042478760619690074
2025-04-02 06:15:00-04:00,559.09,560.9162,558.906,560.86,1136064,581.722,524.4695,562.2696,554.81,False,False,False,False,False,False,down,-2.8500000000000227,-0.0042478760619690074
2025-04-02 06:30:00-04:00,560.845,561.57,560.34,560.77,1246088,581.722,524.4695,562.2696,554.81,False,False,False,False,False,False,down,-2.8500000000000227,-0.0042478760619690074
2025-04-02 06:45:00-04:00,560.83,562.2696,560.73,562.09,1093495,581.722,524.4695,562.2696,554.81,False,False,False,False,False,False,down,-2.8500000000000227,-0.0042478760619690074
2025-04-02 07:00:00-04:00,562.07,562.16,561.09,561.1,1143653,581.722,524.4695,562.2696,554.81,False,False,False,False,False,False,down,-2.8500000000000227,-0.0042478760619690074
2025-04-02 07:15:00-04:00,561.12,563.75,560.86,563.33,1445398,581.722,524.4695,562.2696,554.81,False,False,False,False,False,False,down,-2.8500000000000227,-0.0042478760619690074
2025-04-02 07:30:00-04:00,563.3,563.73,562.26,562.405,1495304,581.722,524.4695,562.2696,554.81,False,False,False,False,False,False,down,-2.8500000000000227,-0.0042478760619690074
2025-04-02 07:45:00-04:00,562.36,562.67,561.1022,562.2836,1391411,581.722,524.4695,562.2696,554.81,False,False,False,False,False,False,down,-2.8500000000000227,-0.0042478760619690074
2025-04-02 08:00:00-04:00,562.31,563.6,562.08,563.54,924956,581.722,524.4695,562.2696,554.81,False,False,False,False,False,False,down,-2.8500000000000227,-0.0042478760619690074
2025-04-02 08:15:00-04:00,563.54,564.28,563.34,564.28,1371196,581.722,524.4695,562.2696,554.81,False,False,False,False,False,False,down,-2.8500000000000227,-0.0042478760619690074
2025-04-02 08:30:00-04:00,564.29,564.56,563.57,564.5,1090751,581.722,524.4695,562.2696,554.81,False,False,False,False,False,False,down,-2.8500000000000227,-0.0042478760619690074
2025-04-02 08:45:00-04:00,564.51,566.06,564.2175,565.68,2158507,581.722,524.4695,562.2696,554.81,False,False,False,False,False,False,down,-2.8500000000000227,-0.0042478760619690074
2025-04-02 09:00:00-04:00,565.69,567.42,565.62,566.92,2234778,581.722,524.4695,562.2696,554.81,False,False,False,False,False,False,down,-2.8500000000000227,-0.0042478760619690074
2025-04-02 09:15:00-04:00,566.93,566.95,565.91,566.0769,1448680,581.722,524.4695,562.2696,554.81,False,False,False,False,False,False,down,-2.8500000000000227,-0.0042478760619690074
2025-04-02 09:30:00-04:00,566.03,566.0989,564.175,564.5681,1643662,581.722,524.4695,562.2696,554.81,False,False,False,False,False,False,down,-2.8500000000000227,-0.0042478760619690074
2025-04-02 09:45:00-04:00,564.51,564.53,563.21,564.1,1545057,581.722,524.4695,562.2696,554.81,False,False,False,False,False,False,down,-2.8500000000000227,-0.0042478760619690074
2025-04-02 10:00:00-04:00,564.08,564.45,562.06,563.02,1485756,581.722,524.4695,562.2696,554.81,False,False,False,False,False,False,down,-2.8500000000000227,-0.0042478760619690074
2025-04-02 10:15:00-04:00,563.0,563.21,561.1,561.1,1357429,581.722,524.4695,562.2696,554.81,False,False,False,False,False,False,down,-2.8500000000000227,-0.0042478760619690074
2025-04-02 10:30:00-04:00,561.11,563.785,560.96,563.35,1877780,581.722,524.4695,562.2696,554.81,False,False,False,False,False,False,down,-2.8500000000000227,-0.0042478760619690074
2025-04-02 10:45:00-04:00,563.36,563.51,561.1,561.11,1003483,581.722,524.4695,562.2696,554.81,False,False,False,False,False,False,down,-2.8500000000000227,-0.0042478760619690074
2025-04-02 11:00:00-04:00,561.15,562.9499,561.135,562.09,1122759,581.722,524.4695,562.2696,554.81,False,False,False,False,False,False,down,-2.8500000000000227,-0.0042478760619690074
2025-04-02 11:15:00-04:00,562.12,563.3702,561.66,563.2,1150964,581.722,524.4695,562.2696,554.81,False,False,False,False,False,False,down,-2.8500000000000227,-0.0042478760619690074
2025-04-02 11:30:00-04:00,563.18,564.9,562.65,564.71,2525716,581.722,524.4695,562.2696,554.81,False,False,False,False,False,False,down,-2.8500000000000227,-0.0042478760619690074
2025-04-02 11:45:00-04:00,564.71,565.655,564.62,564.65,7484075,581.722,524.4695,562.2696,554.81,False,False,False,False,False,False,down,-2.8500000000000227,-0.0042478760619690074
2025-04-02 12:00:00-04:00,564.65,569.57,561.165,568.77,10086341,581.722,524.4695,562.2696,554.81,False,False,False,False,False,False,down,-2.8500000000000227,-0.0042478760619690074
2025-04-02 12:15:00-04:00,568.775,570.79,555.49,556.47,5139901,581.722,524.4695,562.2696,554.81,False,False,False,False,False,False,down,-2.8500000000000227,-0.0042478760619690074
2025-04-02 12:30:00-04:00,556.62,566.3735,550.46,552.31,5094975,581.722,524.4695,562.2696,554.81,False,False,False,False,False,False,down,-2.8500000000000227,-0.0042478760619690074
2025-04-02 12:45:00-04:00,552.3,566.3735,518.1757,552.42,2274942,581.722,524.4695,562.2696,554.81,False,False,False,False,False,False,down,-2.8500000000000227,-0.0042478760619690074
2025-04-02 13:00:00-04:00,552.3,566.3735,518.1757,549.5,1897701,581.722,524.4695,562.2696,554.81,False,False,False,False,False,False,down,-2.8500000000000227,-0.0042478760619690074
2025-04-02 13:15:00-04:00,549.5,551.2,549.25,549.85,802627,581.722,524.4695,562.2696,554.81,False,False,False,False,False,False,down,-2.8500000000000227,-0.0042478760619690074
2025-04-02 13:30:00-04:00,549.88,550.65,548.75,548.79,642515,581.722,524.4695,562.2696,554.81,False,False,False,False,False,False,down,-2.8500000000000227,-0.0042478760619690074
2025-04-02 13:45:00-04:00,548.83,549.28,546.33,547.25,581115,581.722,524.4695,562.2696,554.81,False,False,False,False,False,False,down,-2.8500000000000227,-0.0042478760619690074
2025-04-02 14:00:00-04:00,547.25,548.77,544.5,545.29,879147,581.722,524.4695,562.2696,554.81,False,False,False,False,False,False,down,-2.8500000000000227,-0.0042478760619690074
2025-04-02 14:15:00-04:00,545.22,545.65,542.1,545.6,529795,581.722,524.4695,562.2696,554.81,False,False,False,False,False,False,down,-2.8500000000000227,-0.0042478760619690074
2025-04-02 14:30:00-04:00,564.52,564.52,544.87,545.2,1413296,581.722,524.4695,562.2696,554.81,False,False,False,False,False,False,down,-2.8500000000000227,-0.0042478760619690074
2025-04-02 14:45:00-04:00,545.1901,547.5,545.1901,546.5103,192612,581.722,524.4695,562.2696,554.81,False,False,False,False,False,False,down,-2.8500000000000227,-0.0042478760619690074
2025-04-02 15:00:00-04:00,546.65,546.65,544.0,546.01,174300,581.722,524.4695,562.2696,554.81,False,False,False,False,False,False,down,-2.8500000000000227,-0.0042478760619690074
2025-04-02 15:15:00-04:00,546.009,546.01,544.66,545.54,188703,581.722,524.4695,562.2696,554.81,False,False,False,False,False,False,down,-2.8500000000000227,-0.0042478760619690074
2025-04-02 15:30:00-04:00,545.54,545.64,544.2,544.35,124947,581.722,524.4695,562.2696,554.81,False,False,False,False,False,False,down,-2.8500000000000227,-0.0042478760619690074
2025-04-02 15:45:00-04:00,544.35,545.1,543.94,545.0,164670,581.722,524.4695,562.2696,554.81,False,False,False,False,False,False,down,-2.8500000000000227,-0.0042478760619690074
2025-04-02 16:00:00-04:00,564.52,564.52,564.52,564.52,1167134,581.722,524.4695,562.2696,554.81,False,False,False,False,False,False,down,-2.8500000000000227,-0.0042478760619690074
2025-04-03 00:00:00-04:00,547.0,548.88,547.0,548.34,69910,570.79,518.1757,564.52,539.58,False,False,False,False,False,False,down,-1.419999999999959,-0.0008592321755027921
2025-04-03 00:15:00-04:00,548.23,549.13,548.17,548.8,31994,570.79,518.1757,564.52,539.58,False,False,False,False,False,False,down,-1.419999999999959,-0.0008592321755027921
2025-04-03 00:30:00-04:00,548.9,549.53,548.5,548.59,27344,570.79,518.1757,564.52,539.58,False,False,False,False,False,False,down,-1.419999999999959,-0.0008592321755027921
2025-04-03 00:45:00-04:00,548.65,549.18,548.2,548.87,45725,570.79,518.1757,564.52,539.58,False,False,False,False,False,False,down,-1.419999999999959,-0.0008592321755027921
2025-04-03 01:00:00-04:00,548.92,549.34,547.52,547.54,48595,570.79,518.1757,564.52,539.58,False,False,False,False,False,False,down,-1.419999999999959,-0.0008592321755027921
2025-04-03 01:15:00-04:00,547.51,547.94,547.06,547.1,23301,570.79,518.1757,564.52,539.58,False,False,False,False,False,False,down,-1.419999999999959,-0.0008592321755027921
2025-04-03 01:30:00-04:00,547.14,547.97,547.13,547.66,14784,570.79,518.1757,564.52,539.58,False,False,False,False,False,False,down,-1.419999999999959,-0.0008592321755027921
2025-04-03 01:45:00-04:00,547.52,547.53,546.13,546.48,50722,570.79,518.1757,564.52,539.58,False,False,False,False,False,False,down,-1.419999999999959,-0.0008592321755027921
2025-04-03 02:00:00-04:00,546.47,547.0,545.49,545.66,89682,570.79,518.1757,564.52,539.58,False,False,False,False,False,False,down,-1.419999999999959,-0.0008592321755027921
2025-04-03 02:15:00-04:00,545.45,546.16,545.05,545.34,54742,570.79,518.1757,564.52,539.58,False,False,False,False,False,False,down,-1.419999999999959,-0.0008592321755027921
2025-04-03 02:30:00-04:00,545.32,546.07,544.92,545.99,64123,570.79,518.1757,564.52,539.58,False,False,False,False,False,False,down,-1.419999999999959,-0.0008592321755027921
2025-04-03 02:45:00-04:00,545.99,546.18,544.34,545.47,187011,570.79,518.1757,564.52,539.58,False,False,False,False,False,False,down,-1.419999999999959,-0.0008592321755027921
2025-04-03 03:00:00-04:00,545.6,546.77,545.13,546.53,209320,570.79,518.1757,564.52,539.58,False,False,False,False,False,False,down,-1.419999999999959,-0.0008592321755027921
2025-04-03 03:15:00-04:00,546.51,546.73,545.0,545.77,107357,570.79,518.1757,564.52,539.58,False,False,False,False,False,False,down,-1.419999999999959,-0.0008592321755027921
2025-04-03 03:30:00-04:00,545.7,546.42,544.76,546.12,269977,570.79,518.1757,564.52,539.58,False,False,False,False,False,False,down,-1.419999999999959,-0.0008592321755027921
2025-04-03 03:45:00-04:00,546.17,546.395,545.57,545.98,140390,570.79,518.1757,564.52,539.58,False,False,False,False,False,False,down,-1.419999999999959,-0.0008592321755027921
2025-04-03 04:00:00-04:00,545.36,564.52,544.52,547.23,640992,570.79,518.1757,564.52,539.58,False,False,False,False,False,False,down,-1.419999999999959,-0.0008592321755027921
2025-04-03 04:15:00-04:00,547.1,547.155,545.86,545.86,293408,570.79,518.1757,564.52,539.58,False,False,False,False,False,False,down,-1.419999999999959,-0.0008592321755027921
2025-04-03 04:30:00-04:00,546.1,564.52,544.42,544.7,332848,570.79,518.1757,564.52,539.58,False,False,False,False,False,False,down,-1.419999999999959,-0.0008592321755027921
2025-04-03 04:45:00-04:00,544.705,564.52,543.52,543.68,312051,570.79,518.1757,564.52,539.58,False,False,False,False,False,False,down,-1.419999999999959,-0.0008592321755027921
2025-04-03 05:00:00-04:00,543.6,561.72,543.07,544.03,348799,570.79,518.1757,564.52,539.58,False,False,False,False,False,False,down,-1.419999999999959,-0.0008592321755027921
2025-04-03 05:15:00-04:00,544.0,545.4093,543.35,545.06,486606,570.79,518.1757,564.52,539.58,False,False,False,False,False,False,down,-1.419999999999959,-0.0008592321755027921
2025-04-03 05:30:00-04:00,545.11,547.97,544.89,546.32,9132944,570.79,518.1757,564.52,539.58,False,False,False,False,False,False,down,-1.419999999999959,-0.0008592321755027921
2025-04-03 05:45:00-04:00,546.32,547.16,544.18,544.92,5549831,570.79,518.1757,564.52,539.58,False,False,False,False,False,False,down,-1.419999999999959,-0.0008592321755027921
2025-04-03 06:00:00-04:00,544.86,545.22,542.0,542.6899,4958511,570.79,518.1757,564.52,539.58,False,False,False,False,False,False,down,-1.419999999999959,-0.0008592321755027921
2025-04-03 06:15:00-04:00,542.68,543.74,541.57,543.07,5513594,570.79,518.1757,564.52,539.58,False,False,False,False,False,False,down,-1.419999999999959,-0.0008592321755027921
2025-04-03 06:30:00-04:00,543.04,543.9,541.59,542.19,3748723,570.79,518.1757,564.52,539.58,False,False,False,False,False,False,down,-1.419999999999959,-0.0008592321755027921
2025-04-03 06:45:00-04:00,542.14,542.25,540.1,540.19,4732423,570.79,518.1757,564.52,539.58,False,False,False,False,False,False,down,-1.419999999999959,-0.0008592321755027921
2025-04-03 07:00:00-04:00,540.2,542.19,539.58,541.46,4587238,570.79,518.1757,564.52,539.58,False,False,False,False,False,False,down,-1.419999999999959,-0.0008592321755027921
2025-04-03 07:15:00-04:00,541.44,542.77,541.19,541.73,3488302,570.79,518.1757,564.52,539.58,False,False,False,False,False,False,down,-1.419999999999959,-0.0008592321755027921
2025-04-03 07:30:00-04:00,541.78,544.31,541.64,543.9,3579596,570.79,518.1757,564.52,539.58,False,False,False,False,False,False,down,-1.419999999999959,-0.0008592321755027921
2025-04-03 07:45:00-04:00,543.92,544.4199,542.09,543.51,2755093,570.79,518.1757,564.52,539.58,False,False,False,False,False,False,down,-1.419999999999959,-0.0008592321755027921
2025-04-03 08:00:00-04:00,543.51,545.26,543.39,545.05,2653076,570.79,518.1757,564.52,539.58,False,False,False,False,False,False,down,-1.419999999999959,-0.0008592321755027921
2025-04-03 08:15:00-04:00,545.02,545.96,544.57,545.92,2237074,570.79,518.1757,564.52,539.58,False,False,False,False,False,False,down,-1.419999999999959,-0.0008592321755027921
2025-04-03 08:30:00-04:00,545.94,546.36,543.96,544.56,2713866,570.79,518.1757,564.52,539.58,False,False,False,False,False,False,down,-1.419999999999959,-0.0008592321755027921
2025-04-03 08:45:00-04:00,544.565,544.99,542.985,543.44,2246747,570.79,518.1757,564.52,539.58,False,False,False,False,False,False,down,-1.419999999999959,-0.0008592321755027921
2025-04-03 09:00:00-04:00,543.46,544.37,542.895,543.47,1812006,570.79,518.1757,564.52,539.58,False,False,False,False,False,False,down,-1.419999999999959,-0.0008592321755027921
2025-04-03 09:15:00-04:00,543.455,543.64,541.92,542.26,1679598,570.79,518.1757,564.52,539.58,False,False,False,False,False,False,down,-1.419999999999959,-0.0008592321755027921
2025-04-03 09:30:00-04:00,542.24,543.58,541.91,543.46,1963963,570.79,518.1757,564.52,539.58,False,False,False,False,False,False,down,-1.419999999999959,-0.0008592321755027921
2025-04-03 09:45:00-04:00,543.45,543.79,541.77,541.85,2041262,570.79,518.1757,564.52,539.58,False,False,False,False,False,False,down,-1.419999999999959,-0.0008592321755027921
2025-04-03 10:00:00-04:00,541.84,542.53,540.7,540.78,1972694,570.79,518.1757,564.52,539.58,False,False,False,False,False,False,down,-1.419999999999959,-0.0008592321755027921
2025-04-03 10:15:00-04:00,540.77,541.3982,540.365,540.79,2287009,570.79,518.1757,564.52,539.58,False,False,False,False,False,False,down,-1.419999999999959,-0.0008592321755027921
2025-04-03 10:30:00-04:00,540.77,542.0899,539.9402,541.97,3076705,570.79,518.1757,564.52,539.58,False,False,False,False,False,False,down,-1.419999999999959,-0.0008592321755027921
2025-04-03 10:45:00-04:00,541.98,542.35,541.15,541.79,2039697,570.79,518.1757,564.52,539.58,False,False,False,False,False,False,down,-1.419999999999959,-0.0008592321755027921
2025-04-03 11:00:00-04:00,541.77,542.0,540.78,540.9,2762798,570.79,518.1757,564.52,539.58,False,False,False,False,False,False,down,-1.419999999999959,-0.0008592321755027921
2025-04-03 11:15:00-04:00,540.94,540.9498,538.55,539.03,5100611,570.79,518.1757,564.52,539.58,False,False,False,False,False,False,down,-1.419999999999959,-0.0008592321755027921
2025-04-03 11:30:00-04:00,539.04,539.63,538.01,539.46,5126459,570.79,518.1757,564.52,539.58,False,False,False,False,False,False,down,-1.419999999999959,-0.0008592321755027921
2025-04-03 11:45:00-04:00,539.46,539.57,536.9,537.64,15308040,570.79,518.1757,564.52,539.58,False,False,False,False,False,False,down,-1.419999999999959,-0.0008592321755027921
2025-04-03 12:00:00-04:00,537.67,564.9647,536.65,537.4499,27331329,570.79,518.1757,564.52,539.58,False,False,False,False,False,False,down,-1.419999999999959,-0.0008592321755027921
2025-04-03 12:15:00-04:00,537.4,538.76,535.66,535.66,646845,570.79,518.1757,564.52,539.58,False,False,False,False,False,False,down,-1.419999999999959,-0.0008592321755027921
2025-04-03 12:30:00-04:00,535.675,536.68,535.62,536.05,749750,570.79,518.1757,564.52,539.58,False,False,False,False,False,False,down,-1.419999999999959,-0.0008592321755027921
2025-04-03 12:45:00-04:00,536.02,536.38,531.6949,536.25,246332,570.79,518.1757,564.52,539.58,False,False,False,False,False,False,down,-1.419999999999959,-0.0008592321755027921
2025-04-03 13:00:00-04:00,536.21,561.1043,519.8712,536.52,347048,570.79,518.1757,564.52,539.58,False,False,False,False,False,False,down,-1.419999999999959,-0.0008592321755027921
2025-04-03 13:15:00-04:00,536.52,536.63,519.8712,536.425,76949,570.79,518.1757,564.52,539.58,False,False,False,False,False,False,down,-1.419999999999959,-0.0008592321755027921
2025-04-03 13:30:00-04:00,536.48,536.55,536.16,536.45,67021,570.79,518.1757,564.52,539.58,False,False,False,False,False,False,down,-1.419999999999959,-0.0008592321755027921
2025-04-03 13:45:00-04:00,536.48,536.66,536.37,536.59,54128,570.79,518.1757,564.52,539.58,False,False,False,False,False,False,down,-1.419999999999959,-0.0008592321755027921
2025-04-03 14:00:00-04:00,536.46,537.19,535.92,536.155,161491,570.79,518.1757,564.52,539.58,False,False,False,False,False,False,down,-1.419999999999959,-0.0008592321755027921
2025-04-03 14:15:00-04:00,536.15,536.62,534.8975,535.7,123422,570.79,518.1757,564.52,539.58,False,False,False,False,False,False,down,-1.419999999999959,-0.0008592321755027921
2025-04-03 14:30:00-04:00,536.7,536.7,535.69,536.181,5287329,570.79,518.1757,564.52,539.58,False,False,False,False,False,False,down,-1.419999999999959,-0.0008592321755027921
2025-04-03 14:45:00-04:00,536.17,540.5,535.83,536.1194,14900,570.79,518.1757,564.52,539.58,False,False,False,False,False,False,down,-1.419999999999959,-0.0008592321755027921
2025-04-03 15:00:00-04:00,536.12,536.42,535.8,536.0586,32997,570.79,518.1757,564.52,539.58,False,False,False,False,False,False,down,-1.419999999999959,-0.0008592321755027921
2025-04-03 15:15:00-04:00,536.04,536.49,535.39,536.46,116200,570.79,518.1757,564.52,539.58,False,False,False,False,False,False,down,-1.419999999999959,-0.0008592321755027921
2025-04-03 15:30:00-04:00,536.4,536.73,536.27,536.59,62862,570.79,518.1757,564.52,539.58,False,False,False,False,False,False,down,-1.419999999999959,-0.0008592321755027921
2025-04-03 15:45:00-04:00,536.56,537.0,536.2,536.32,57185,570.79,518.1757,564.52,539.58,False,False,False,False,False,False,down,-1.419999999999959,-0.0008592321755027921
2025-04-03 16:00:00-04:00,536.7,536.7,536.7,536.7,5249144,570.79,518.1757,564.52,539.58,False,False,False,False,False,False,down,-1.419999999999959,-0.0008592321755027921
2025-04-04 00:00:00-04:00,535.28,535.28,533.4,533.86,39145,564.9647,519.8712,537.07,510.05,False,False,False,False,False,False,down,2.0,-0.02542594529965628
2025-04-04 00:15:00-04:00,533.77,535.06,533.42,534.29,21195,564.9647,519.8712,537.07,510.05,False,False,False,False,False,False,down,2.0,-0.02542594529965628
2025-04-04 00:30:00-04:00,534.19,534.36,533.01,533.59,19872,564.9647,519.8712,537.07,510.05,False,False,False,False,False,False,down,2.0,-0.02542594529965628
2025-04-04 00:45:00-04:00,533.67,534.39,533.05,533.44,17547,564.9647,519.8712,537.07,510.05,False,False,False,False,False,False,down,2.0,-0.02542594529965628
2025-04-04 01:00:00-04:00,533.68,533.78,532.61,533.12,18087,564.9647,519.8712,537.07,510.05,False,False,False,False,False,False,down,2.0,-0.02542594529965628
2025-04-04 01:15:00-04:00,533.23,533.87,532.6,532.64,11772,564.9647,519.8712,537.07,510.05,False,False,False,False,False,False,down,2.0,-0.02542594529965628
2025-04-04 01:30:00-04:00,532.64,533.88,532.03,533.37,47843,564.9647,519.8712,537.07,510.05,False,False,False,False,False,False,down,2.0,-0.02542594529965628
2025-04-04 01:45:00-04:00,533.39,533.85,532.69,533.06,33058,564.9647,519.8712,537.07,510.05,False,False,False,False,False,False,down,2.0,-0.02542594529965628
2025-04-04 02:00:00-04:00,533.27,533.88,529.68,530.19,280195,564.9647,519.8712,537.07,510.05,False,False,False,False,False,False,down,2.0,-0.02542594529965628
2025-04-04 02:15:00-04:00,530.09,530.38,523.33,523.57,757141,564.9647,519.8712,537.07,510.05,False,False,False,False,False,False,down,2.0,-0.02542594529965628
2025-04-04 02:30:00-04:00,523.5,526.46,523.23,523.78,484555,564.9647,519.8712,537.07,510.05,False,False,False,False,False,False,down,2.0,-0.02542594529965628
2025-04-04 02:45:00-04:00,523.82,524.12,520.65,521.8,630166,564.9647,519.8712,537.07,510.05,False,False,False,False,False,False,down,2.0,-0.02542594529965628
2025-04-04 03:00:00-04:00,521.87,523.69,521.26,521.67,528804,564.9647,519.8712,537.07,510.05,False,False,False,False,False,False,down,2.0,-0.02542594529965628
2025-04-04 03:15:00-04:00,521.67,522.75,517.21,517.6,737390,564.9647,519.8712,537.07,510.05,False,False,False,False,False,False,down,2.0,-0.02542594529965628
2025-04-04 03:30:00-04:00,517.5,520.8,515.88,517.9,801280,564.9647,519.8712,537.07,510.05,False,False,False,False,False,False,down,2.0,-0.02542594529965628
2025-04-04 03:45:00-04:00,517.9,523.27,517.83,523.01,855454,564.9647,519.8712,537.07,510.05,False,False,False,False,False,False,down,2.0,-0.02542594529965628
2025-04-04 04:00:00-04:00,522.02,537.07,515.997,522.66,1113229,564.9647,519.8712,537.07,510.05,False,False,False,False,False,False,down,2.0,-0.02542594529965628
2025-04-04 04:15:00-04:00,522.5975,524.02,521.31,523.11,764928,564.9647,519.8712,537.07,510.05,False,False,False,False,False,False,down,2.0,-0.02542594529965628
2025-04-04 04:30:00-04:00,523.4,536.5,520.79,524.31,1241244,564.9647,519.8712,537.07,510.05,False,False,False,False,False,False,down,2.0,-0.02542594529965628
2025-04-04 04:45:00-04:00,524.34,536.7,523.01,524.82,1241679,564.9647,519.8712,537.07,510.05,False,False,False,False,False,False,down,2.0,-0.02542594529965628
2025-04-04 05:00:00-04:00,524.93,526.6,524.27,524.35,987214,564.9647,519.8712,537.07,510.05,False,False,False,False,False,False,down,2.0,-0.02542594529965628
2025-04-04 05:15:00-04:00,524.27,524.95,522.8,523.73,1100925,564.9647,519.8712,537.07,510.05,False,False,False,False,False,False,down,2.0,-0.02542594529965628
2025-04-04 05:30:00-04:00,523.67,525.87,519.15,520.22,11923137,564.9647,519.8712,537.07,510.05,False,False,False,False,False,False,down,2.0,-0.02542594529965628
2025-04-04 05:45:00-04:00,520.22,524.49,519.58,523.18,7905989,564.9647,519.8712,537.07,510.05,False,False,False,False,False,False,down,2.0,-0.02542594529965628
2025-04-04 06:00:00-04:00,523.18,523.26,518.0,518.48,5581638,564.9647,519.8712,537.07,510.05,False,False,False,False,False,False,down,2.0,-0.02542594529965628
2025-04-04 06:15:00-04:00,518.42,519.49,516.24,516.29,5225939,564.9647,519.8712,537.07,510.05,False,False,False,False,False,False,down,2.0,-0.02542594529965628
2025-04-04 06:30:00-04:00,516.26,517.53,514.41,514.61,6803051,564.9647,519.8712,537.07,510.05,False,False,False,False,False,False,down,2.0,-0.02542594529965628
2025-04-04 06:45:00-04:00,514.62,516.39,510.05,515.525,9961738,564.9647,519.8712,537.07,510.05,False,False,False,False,False,False,down,2.0,-0.02542594529965628
2025-04-04 07:00:00-04:00,515.47,521.9301,514.79,520.905,10843031,564.9647,519.8712,537.07,510.05,False,False,False,False,False,False,down,2.0,-0.02542594529965628
2025-04-04 07:15:00-04:00,520.86,522.59,516.21,516.35,8205307,564.9647,519.8712,537.07,510.05,False,False,False,False,False,False,down,2.0,-0.02542594529965628
2025-04-04 07:30:00-04:00,516.4,517.88,514.0,515.935,5433718,564.9647,519.8712,537.07,510.05,False,False,False,False,False,False,down,2.0,-0.02542594529965628
2025-04-04 07:45:00-04:00,515.95,518.35,514.74,514.96,3974615,564.9647,519.8712,537.07,510.05,False,False,False,False,False,False,down,2.0,-0.02542594529965628
2025-04-04 08:00:00-04:00,514.98,517.4585,514.845,516.67,3135428,564.9647,519.8712,537.07,510.05,False,False,False,False,False,False,down,2.0,-0.02542594529965628
2025-04-04 08:15:00-04:00,516.72,517.05,511.86,512.39,3212109,564.9647,519.8712,537.07,510.05,False,False,False,False,False,False,down,2.0,-0.02542594529965628
2025-04-04 08:30:00-04:00,512.34,514.36,510.91,512.11,4477440,564.9647,519.8712,537.07,510.05,False,False,False,False,False,False,down,2.0,-0.02542594529965628
2025-04-04 08:45:00-04:00,512.125,513.16,511.2,512.075,3017974,564.9647,519.8712,537.07,510.05,False,False,False,False,False,False,down,2.0,-0.02542594529965628
2025-04-04 09:00:00-04:00,512.08,513.59,509.44,509.75,4149898,564.9647,519.8712,537.07,510.05,False,False,False,False,False,False,down,2.0,-0.02542594529965628
2025-04-04 09:15:00-04:00,509.67,512.08,508.325,511.16,4984253,564.9647,519.8712,537.07,510.05,False,False,False,False,False,False,down,2.0,-0.02542594529965628
2025-04-04 09:30:00-04:00,511.16,514.06,509.749,512.7634,4739910,564.9647,519.8712,537.07,510.05,False,False,False,False,False,False,down,2.0,-0.02542594529965628
2025-04-04 09:45:00-04:00,512.79,514.64,512.24,514.57,4367183,564.9647,519.8712,537.07,510.05,False,False,False,False,False,False,down,2.0,-0.02542594529965628
2025-04-04 10:00:00-04:00,514.59,523.6401,511.42,511.56,5029607,564.9647,519.8712,537.07,510.05,False,False,False,False,False,False,down,2.0,-0.02542594529965628
2025-04-04 10:15:00-04:00,511.5,511.582,508.56,508.8,4200796,564.9647,519.8712,537.07,510.05,False,False,False,False,False,False,down,2.0,-0.02542594529965628
2025-04-04 10:30:00-04:00,508.91,509.26,505.52,505.87,6593317,564.9647,519.8712,537.07,510.05,False,False,False,False,False,False,down,2.0,-0.02542594529965628
2025-04-04 10:45:00-04:00,505.87,508.97,505.63,507.78,5458718,564.9647,519.8712,537.07,510.05,False,False,False,False,False,False,down,2.0,-0.02542594529965628
2025-04-04 11:00:00-04:00,507.78,510.67,506.39,510.165,5557875,564.9647,519.8712,537.07,510.05,False,False,False,False,False,False,down,2.0,-0.02542594529965628
2025-04-04 11:15:00-04:00,510.125,512.04,507.62,510.52,6807746,564.9647,519.8712,537.07,510.05,False,False,False,False,False,False,down,2.0,-0.02542594529965628
2025-04-04 11:30:00-04:00,510.53,513.9197,509.97,512.2183,9282872,564.9647,519.8712,537.07,510.05,False,False,False,False,False,False,down,2.0,-0.02542594529965628
2025-04-04 11:45:00-04:00,512.16,513.16,505.06,505.5,21628405,564.9647,519.8712,537.07,510.05,False,False,False,False,False,False,down,2.0,-0.02542594529965628
2025-04-04 12:00:00-04:00,505.5,537.7002,503.58,505.15,36776904,564.9647,519.8712,537.07,510.05,False,False,False,False,False,False,down,2.0,-0.02542594529965628
2025-04-04 12:15:00-04:00,505.1986,508.5004,502.17,503.02,1271995,564.9647,519.8712,537.07,510.05,False,False,False,False,False,False,down,2.0,-0.02542594529965628
2025-04-04 12:30:00-04:00,503.12,537.7002,502.84,505.18,2477377,564.9647,519.8712,537.07,510.05,False,False,False,False,False,False,down,2.0,-0.02542594529965628
2025-04-04 12:45:00-04:00,505.18,526.8043,504.5,504.5,1972868,564.9647,519.8712,537.07,510.05,False,False,False,False,False,False,down,2.0,-0.02542594529965628
2025-04-04 13:00:00-04:00,504.5011,527.4128,488.8931,504.97,1519900,564.9647,519.8712,537.07,510.05,False,False,False,False,False,False,down,2.0,-0.02542594529965628
2025-04-04 13:15:00-04:00,505.0,527.4128,488.8931,505.01,162098,564.9647,519.8712,537.07,510.05,False,False,False,False,False,False,down,2.0,-0.02542594529965628
2025-04-04 13:30:00-04:00,505.01,506.26,505.0,506.155,147898,564.9647,519.8712,537.07,510.05,False,False,False,False,False,False,down,2.0,-0.02542594529965628
2025-04-04 13:45:00-04:00,506.13,506.28,504.87,504.94,407870,564.9647,519.8712,537.07,510.05,False,False,False,False,False,False,down,2.0,-0.02542594529965628
2025-04-04 14:00:00-04:00,504.945,505.18,504.64,504.7985,47029,564.9647,519.8712,537.07,510.05,False,False,False,False,False,False,down,2.0,-0.02542594529965628
2025-04-04 14:15:00-04:00,504.79,505.59,504.63,505.26,1444847,564.9647,519.8712,537.07,510.05,False,False,False,False,False,False,down,2.0,-0.02542594529965628
2025-04-04 14:30:00-04:00,505.28,537.75,505.05,505.41,6417696,564.9647,519.8712,537.07,510.05,False,False,False,False,False,False,down,2.0,-0.02542594529965628
2025-04-04 14:45:00-04:00,505.41,505.55,504.78,505.2,62629,564.9647,519.8712,537.07,510.05,False,False,False,False,False,False,down,2.0,-0.02542594529965628
2025-04-04 15:00:00-04:00,505.01,505.2,504.5,504.7398,22791,564.9647,519.8712,537.07,510.05,False,False,False,False,False,False,down,2.0,-0.02542594529965628
2025-04-04 15:15:00-04:00,504.72,504.9,504.5,504.84,54358,564.9647,519.8712,537.07,510.05,False,False,False,False,False,False,down,2.0,-0.02542594529965628
2025-04-04 15:30:00-04:00,504.83,505.28,504.45,504.62,61162,564.9647,519.8712,537.07,510.05,False,False,False,False,False,False,down,2.0,-0.02542594529965628
2025-04-04 15:45:00-04:00,504.55,505.69,504.55,505.5,74114,564.9647,519.8712,537.07,510.05,False,False,False,False,False,False,down,2.0,-0.02542594529965628
2025-04-04 16:00:00-04:00,505.28,505.28,505.28,505.28,6363290,564.9647,519.8712,537.07,510.05,False,False,False,False,False,False,down,2.0,-0.02542594529965628
2025-04-07 00:00:00-04:00,486.9,491.09,482.86,486.86,368294,537.75,488.8931,523.17,479.47,False,True,False,True,False,False,up,-7.75,0.020620250564797743
2025-04-07 00:15:00-04:00,486.86,490.08,486.86,488.73,304135,537.75,488.8931,523.17,479.47,False,True,False,True,False,False,up,-7.75,0.020620250564797743
2025-04-07 00:30:00-04:00,488.7,490.74,487.29,489.84,153489,537.75,488.8931,523.17,479.47,False,True,False,True,False,False,up,-7.75,0.020620250564797743
2025-04-07 00:45:00-04:00,489.76,490.4,487.76,487.76,163508,537.75,488.8931,523.17,479.47,False,True,False,True,False,False,up,-7.75,0.020620250564797743
2025-04-07 01:00:00-04:00,487.77,488.84,486.27,487.1,164062,537.75,488.8931,523.17,479.47,False,True,False,True,False,False,up,-7.75,0.020620250564797743
2025-04-07 01:15:00-04:00,487.1,487.3,484.73,487.06,127424,537.75,488.8931,523.17,479.47,False,True,False,True,False,False,up,-7.75,0.020620250564797743
2025-04-07 01:30:00-04:00,487.0,489.59,486.75,489.33,147964,537.75,488.8931,523.17,479.47,False,True,False,True,False,False,up,-7.75,0.020620250564797743
2025-04-07 01:45:00-04:00,489.33,490.7,488.4,488.8,119557,537.75,488.8931,523.17,479.47,False,True,False,True,False,False,up,-7.75,0.020620250564797743
2025-04-07 02:00:00-04:00,488.83,493.84,487.69,493.35,510761,537.75,488.8931,523.17,479.47,False,True,False,True,False,False,up,-7.75,0.020620250564797743
2025-04-07 02:15:00-04:00,493.4,495.29,492.31,493.51,297332,537.75,488.8931,523.17,479.47,False,True,False,True,False,False,up,-7.75,0.020620250564797743
2025-04-07 02:30:00-04:00,493.49,498.9,492.49,498.5,298452,537.75,488.8931,523.17,479.47,False,True,False,True,False,False,up,-7.75,0.020620250564797743
2025-04-07 02:45:00-04:00,498.26,498.7,493.61,494.79,455797,537.75,488.8931,523.17,479.47,False,True,False,True,False,False,up,-7.75,0.020620250564797743
2025-04-07 03:00:00-04:00,494.82,498.58,493.93,496.94,655714,537.75,488.8931,523.17,479.47,False,True,False,True,False,False,up,-7.75,0.020620250564797743
2025-04-07 03:15:00-04:00,497.01,497.36,494.77,496.38,395925,537.75,488.8931,523.17,479.47,False,True,False,True,False,False,up,-7.75,0.020620250564797743
2025-04-07 03:30:00-04:00,496.35,496.6,492.1,493.49,509898,537.75,488.8931,523.17,479.47,False,True,False,True,False,False,up,-7.75,0.020620250564797743
2025-04-07 03:45:00-04:00,493.44,494.33,492.06,493.49,305587,537.75,488.8931,523.17,479.47,False,True,False,True,False,False,up,-7.75,0.020620250564797743
2025-04-07 04:00:00-04:00,493.41,505.28,479.47,492.21,2491400,537.75,488.8931,523.17,479.47,False,True,False,True,False,False,up,-7.75,0.020620250564797743
2025-04-07 04:15:00-04:00,492.23,496.88,490.7,496.1299,986552,537.75,488.8931,523.17,479.47,False,True,False,True,False,False,up,-7.75,0.020620250564797743
2025-04-07 04:30:00-04:00,495.95,497.75,492.46,493.08,1200417,537.75,488.8931,523.17,479.47,False,True,False,True,False,False,up,-7.75,0.020620250564797743
2025-04-07 04:45:00-04:00,493.04,505.28,490.5,496.14,1973540,537.75,488.8931,523.17,479.47,False,True,False,True,False,False,up,-7.75,0.020620250564797743
2025-04-07 05:00:00-04:00,496.07,496.17,491.38,492.7,1046490,537.75,488.8931,523.17,479.47,False,True,False,True,False,False,up,-7.75,0.020620250564797743
2025-04-07 05:15:00-04:00,492.54,492.74,488.72,489.21,1236079,537.75,488.8931,523.17,479.47,False,True,False,True,False,False,up,-7.75,0.020620250564797743
2025-04-07 05:30:00-04:00,489.19,489.3,481.8,483.865,15983854,537.75,488.8931,523.17,479.47,False,True,False,True,False,False,up,-7.75,0.020620250564797743
2025-04-07 05:45:00-04:00,483.84,496.46,482.51,495.69,13095997,537.75,488.8931,523.17,479.47,False,True,False,True,False,False,up,-7.75,0.020620250564797743
2025-04-07 06:00:00-04:00,495.67,517.435,493.37,513.78,20855331,537.75,488.8931,523.17,479.47,False,True,False,True,False,False,up,-7.75,0.020620250564797743
2025-04-07 06:15:00-04:00,513.835,523.17,497.47,498.19,28416655,537.75,488.8931,523.17,479.47,False,True,False,True,False,False,up,-7.75,0.020620250564797743
2025-04-07 06:30:00-04:00,498.21,505.93,493.67,499.99,15300197,537.75,488.8931,523.17,479.47,False,True,False,True,False,False,up,-7.75,0.020620250564797743
2025-04-07 06:45:00-04:00,500.0,508.78,488.9447,505.91,8607067,537.75,488.8931,523.17,479.47,False,True,False,True,False,False,up,-7.75,0.020620250564797743
2025-04-07 07:00:00-04:00,505.88,509.77,495.07,496.34,10767755,537.75,488.8931,523.17,479.47,False,True,False,True,False,False,up,-7.75,0.020620250564797743
2025-04-07 07:15:00-04:00,496.24,500.63,492.66,493.75,13237298,537.75,488.8931,523.17,479.47,False,True,False,True,False,False,up,-7.75,0.020620250564797743
2025-04-07 07:30:00-04:00,493.75,503.98,493.73,503.44,7366218,537.75,488.8931,523.17,479.47,False,True,False,True,False,False,up,-7.75,0.020620250564797743
2025-04-07 07:45:00-04:00,503.37,503.72,499.46,499.5,4421748,537.75,488.8931,523.17,479.47,False,True,False,True,False,False,up,-7.75,0.020620250564797743
2025-04-07 08:00:00-04:00,499.5,499.64,495.27,497.21,3887910,537.75,488.8931,523.17,479.47,False,True,False,True,False,False,up,-7.75,0.020620250564797743
2025-04-07 08:15:00-04:00,497.22,500.52,495.015,499.56,3765503,537.75,488.8931,523.17,479.47,False,True,False,True,False,False,up,-7.75,0.020620250564797743
2025-04-07 08:30:00-04:00,499.56,501.77,496.85,497.85,3605326,537.75,488.8931,523.17,479.47,False,True,False,True,False,False,up,-7.75,0.020620250564797743
2025-04-07 08:45:00-04:00,497.81,506.5199,494.7,495.68,3480779,537.75,488.8931,523.17,479.47,False,True,False,True,False,False,up,-7.75,0.020620250564797743
2025-04-07 09:00:00-04:00,495.63,503.08,495.59,501.51,7124521,537.75,488.8931,523.17,479.47,False,True,False,True,False,False,up,-7.75,0.020620250564797743
2025-04-07 09:15:00-04:00,501.51,505.94,500.62,505.62,4420752,537.75,488.8931,523.17,479.47,False,True,False,True,False,False,up,-7.75,0.020620250564797743
2025-04-07 09:30:00-04:00,505.62,507.1,502.16,507.0,4476901,537.75,488.8931,523.17,479.47,False,True,False,True,False,False,up,-7.75,0.020620250564797743
2025-04-07 09:45:00-04:00,506.94,509.36,498.2651,509.09,5591443,537.75,488.8931,523.17,479.47,False,True,False,True,False,False,up,-7.75,0.020620250564797743
2025-04-07 10:00:00-04:00,509.07,510.0,505.18,506.19,4166382,537.75,488.8931,523.17,479.47,False,True,False,True,False,False,up,-7.75,0.020620250564797743
2025-04-07 10:15:00-04:00,506.19,510.47,504.66,505.19,4155638,537.75,488.8931,523.17,479.47,False,True,False,True,False,False,up,-7.75,0.020620250564797743
2025-04-07 10:30:00-04:00,505.15,508.34,504.81,506.69,2872417,537.75,488.8931,523.17,479.47,False,True,False,True,False,False,up,-7.75,0.020620250564797743
2025-04-07 10:45:00-04:00,506.71,507.68,502.28,503.21,3657590,537.75,488.8931,523.17,479.47,False,True,False,True,False,False,up,-7.75,0.020620250564797743
2025-04-07 11:00:00-04:00,503.25,506.31,500.9203,501.77,5466141,537.75,488.8931,523.17,479.47,False,True,False,True,False,False,up,-7.75,0.020620250564797743
2025-04-07 11:15:00-04:00,501.74,504.33,500.14,500.605,5576017,537.75,488.8931,523.17,479.47,False,True,False,True,False,False,up,-7.75,0.020620250564797743
2025-04-07 11:30:00-04:00,500.605,506.64,500.56,501.5,6614472,537.75,488.8931,523.17,479.47,False,True,False,True,False,False,up,-7.75,0.020620250564797743
2025-04-07 11:45:00-04:00,501.45,505.15,500.8,504.55,14275141,537.75,488.8931,523.17,479.47,False,True,False,True,False,False,up,-7.75,0.020620250564797743
2025-04-07 12:00:00-04:00,504.55,535.83,501.0319,507.46,20885942,537.75,488.8931,523.17,479.47,False,True,False,True,False,False,up,-7.75,0.020620250564797743
2025-04-07 12:15:00-04:00,507.5494,509.14,504.38,507.0,2933615,537.75,488.8931,523.17,479.47,False,True,False,True,False,False,up,-7.75,0.020620250564797743
2025-04-07 12:30:00-04:00,507.045,507.53,504.4147,507.3,531786,537.75,488.8931,523.17,479.47,False,True,False,True,False,False,up,-7.75,0.020620250564797743
2025-04-07 12:45:00-04:00,507.25,540.0329,484.9358,506.45,337323,537.75,488.8931,523.17,479.47,False,True,False,True,False,False,up,-7.75,0.020620250564797743
2025-04-07 13:00:00-04:00,506.49,522.7728,480.2688,507.05,799595,537.75,488.8931,523.17,479.47,False,True,False,True,False,False,up,-7.75,0.020620250564797743
2025-04-07 13:15:00-04:00,506.99,507.2,506.96,507.09,193595,537.75,488.8931,523.17,479.47,False,True,False,True,False,False,up,-7.75,0.020620250564797743
2025-04-07 13:30:00-04:00,507.09,507.55,507.0,507.47,109991,537.75,488.8931,523.17,479.47,False,True,False,True,False,False,up,-7.75,0.020620250564797743
2025-04-07 13:45:00-04:00,507.47,507.47,507.0,507.4,71025,537.75,488.8931,523.17,479.47,False,True,False,True,False,False,up,-7.75,0.020620250564797743
2025-04-07 14:00:00-04:00,507.34,507.87,506.51,507.7788,95511,537.75,488.8931,523.17,479.47,False,True,False,True,False,False,up,-7.75,0.020620250564797743
2025-04-07 14:15:00-04:00,507.7499,508.355,507.48,508.35,83512,537.75,488.8931,523.17,479.47,False,True,False,True,False,False,up,-7.75,0.020620250564797743
2025-04-07 14:30:00-04:00,504.38,508.505,504.38,508.4196,2471086,537.75,488.8931,523.17,479.47,False,True,False,True,False,False,up,-7.75,0.020620250564797743
2025-04-07 14:45:00-04:00,508.3,509.1,508.02,509.1,47473,537.75,488.8931,523.17,479.47,False,True,False,True,False,False,up,-7.75,0.020620250564797743
2025-04-07 15:00:00-04:00,509.1,510.22,508.96,510.18,67460,537.75,488.8931,523.17,479.47,False,True,False,True,False,False,up,-7.75,0.020620250564797743
2025-04-07 15:15:00-04:00,510.19,510.29,509.33,509.8,131897,537.75,488.8931,523.17,479.47,False,True,False,True,False,False,up,-7.75,0.020620250564797743
2025-04-07 15:30:00-04:00,509.8,510.0,508.52,509.33,43668,537.75,488.8931,523.17,479.47,False,True,False,True,False,False,up,-7.75,0.020620250564797743
2025-04-07 15:45:00-04:00,509.25,510.06,497.4543,509.66,61675,537.75,488.8931,523.17,479.47,False,True,False,True,False,False,up,-7.75,0.020620250564797743
2025-04-07 16:00:00-04:00,504.38,504.38,504.38,504.38,2261568,537.75,488.8931,523.17,479.47,False,True,False,True,False,False,up,-7.75,0.020620250564797743
2025-04-08 00:00:00-04:00,510.55,513.59,510.22,511.46,74431,540.0329,479.47,524.98,482.165,False,False,False,False,False,False,up,10.29000000000002,0.001997845460777557
2025-04-08 00:15:00-04:00,511.42,512.0,510.06,510.42,62668,540.0329,479.47,524.98,482.165,False,False,False,False,False,False,up,10.29000000000002,0.001997845460777557
2025-04-08 00:30:00-04:00,510.61,512.59,510.5,512.4,34116,540.0329,479.47,524.98,482.165,False,False,False,False,False,False,up,10.29000000000002,0.001997845460777557
2025-04-08 00:45:00-04:00,512.44,512.94,511.64,512.69,40899,540.0329,479.47,524.98,482.165,False,False,False,False,False,False,up,10.29000000000002,0.001997845460777557
2025-04-08 01:00:00-04:00,512.74,513.01,512.12,513.01,69276,540.0329,479.47,524.98,482.165,False,False,False,False,False,False,up,10.29000000000002,0.001997845460777557
2025-04-08 01:15:00-04:00,512.82,512.89,511.28,511.62,33030,540.0329,479.47,524.98,482.165,False,False,False,False,False,False,up,10.29000000000002,0.001997845460777557
2025-04-08 01:30:00-04:00,511.64,512.73,511.62,512.47,28390,540.0329,479.47,524.98,482.165,False,False,False,False,False,False,up,10.29000000000002,0.001997845460777557
2025-04-08 01:45:00-04:00,512.44,512.44,510.59,510.7,34010,540.0329,479.47,524.98,482.165,False,False,False,False,False,False,up,10.29000000000002,0.001997845460777557
2025-04-08 02:00:00-04:00,510.67,511.38,509.95,510.5,63192,540.0329,479.47,524.98,482.165,False,False,False,False,False,False,up,10.29000000000002,0.001997845460777557
2025-04-08 02:15:00-04:00,510.49,511.35,510.19,511.06,82350,540.0329,479.47,524.98,482.165,False,False,False,False,False,False,up,10.29000000000002,0.001997845460777557
2025-04-08 02:30:00-04:00,511.14,512.8,511.0,512.31,54748,540.0329,479.47,524.98,482.165,False,False,False,False,False,False,up,10.29000000000002,0.001997845460777557
2025-04-08 02:45:00-04:00,512.28,512.35,511.25,511.74,151781,540.0329,479.47,524.98,482.165,False,False,False,False,False,False,up,10.29000000000002,0.001997845460777557
2025-04-08 03:00:00-04:00,511.77,512.9,511.35,511.57,243644,540.0329,479.47,524.98,482.165,False,False,False,False,False,False,up,10.29000000000002,0.001997845460777557
2025-04-08 03:15:00-04:00,511.59,513.77,511.19,513.19,230897,540.0329,479.47,524.98,482.165,False,False,False,False,False,False,up,10.29000000000002,0.001997845460777557
2025-04-08 03:30:00-04:00,513.14,517.06,512.86,516.2,416836,540.0329,479.47,524.98,482.165,False,False,False,False,False,False,up,10.29000000000002,0.001997845460777557
2025-04-08 03:45:00-04:00,516.2,518.36,515.54,518.08,347289,540.0329,479.47,524.98,482.165,False,False,False,False,False,False,up,10.29000000000002,0.001997845460777557
2025-04-08 04:00:00-04:00,518.09,519.3,504.38,518.1,746479,540.0329,479.47,524.98,482.165,False,False,False,False,False,False,up,10.29000000000002,0.001997845460777557
2025-04-08 04:15:00-04:00,518.11,518.73,504.38,517.83,469662,540.0329,479.47,524.98,482.165,False,False,False,False,False,False,up,10.29000000000002,0.001997845460777557
2025-04-08 04:30:00-04:00,517.69,518.2,515.8,516.44,324098,540.0329,479.47,524.98,482.165,False,False,False,False,False,False,up,10.29000000000002,0.001997845460777557
2025-04-08 04:45:00-04:00,516.44,519.48,482.165,517.03,265115,540.0329,479.47,524.98,482.165,False,False,False,False,False,False,up,10.29000000000002,0.001997845460777557
2025-04-08 05:00:00-04:00,517.0,520.39,516.48,520.08,1635416,540.0329,479.47,524.98,482.165,False,False,False,False,False,False,up,10.29000000000002,0.001997845460777557
2025-04-08 05:15:00-04:00,520.045,522.2,519.49,521.95,1526773,540.0329,479.47,524.98,482.165,False,False,False,False,False,False,up,10.29000000000002,0.001997845460777557
2025-04-08 05:30:00-04:00,521.86,522.17,517.79,519.6801,10010373,540.0329,479.47,524.98,482.165,False,False,False,False,False,False,up,10.29000000000002,0.001997845460777557
2025-04-08 05:45:00-04:00,519.69,523.29,518.74,522.5925,6240661,540.0329,479.47,524.98,482.165,False,False,False,False,False,False,up,10.29000000000002,0.001997845460777557
2025-04-08 06:00:00-04:00,522.59,524.44,522.14,523.78,4685496,540.0329,479.47,524.98,482.165,False,False,False,False,False,False,up,10.29000000000002,0.001997845460777557
2025-04-08 06:15:00-04:00,523.79,524.98,522.81,523.37,4524183,540.0329,479.47,524.98,482.165,False,False,False,False,False,False,up,10.29000000000002,0.001997845460777557
2025-04-08 06:30:00-04:00,523.36,524.21,521.46,521.55,3645382,540.0329,479.47,524.98,482.165,False,False,False,False,False,False,up,10.29000000000002,0.001997845460777557
2025-04-08 06:45:00-04:00,521.53,522.42,517.81,517.85,3734894,540.0329,479.47,524.98,482.165,False,False,False,False,False,False,up,10.29000000000002,0.001997845460777557
2025-04-08 07:00:00-04:00,517.86,519.27,515.495,515.8701,3706599,540.0329,479.47,524.98,482.165,False,False,False,False,False,False,up,10.29000000000002,0.001997845460777557
2025-04-08 07:15:00-04:00,515.91,517.07,514.1,514.16,4673347,540.0329,479.47,524.98,482.165,False,False,False,False,False,False,up,10.29000000000002,0.001997845460777557
2025-04-08 07:30:00-04:00,514.19,518.525,514.0,517.43,3432754,540.0329,479.47,524.98,482.165,False,False,False,False,False,False,up,10.29000000000002,0.001997845460777557
2025-04-08 07:45:00-04:00,517.41,518.18,514.235,516.77,3034184,540.0329,479.47,524.98,482.165,False,False,False,False,False,False,up,10.29000000000002,0.001997845460777557
2025-04-08 08:00:00-04:00,516.74,517.29,515.3,515.35,2854310,540.0329,479.47,524.98,482.165,False,False,False,False,False,False,up,10.29000000000002,0.001997845460777557
2025-04-08 08:15:00-04:00,515.315,515.49,511.8,513.96,3302188,540.0329,479.47,524.98,482.165,False,False,False,False,False,False,up,10.29000000000002,0.001997845460777557
2025-04-08 08:30:00-04:00,513.95,514.6,507.58,508.54,7110657,540.0329,479.47,524.98,482.165,False,False,False,False,False,False,up,10.29000000000002,0.001997845460777557
2025-04-08 08:45:00-04:00,508.52,511.5,507.02,507.1442,6528076,540.0329,479.47,524.98,482.165,False,False,False,False,False,False,up,10.29000000000002,0.001997845460777557
2025-04-08 09:00:00-04:00,507.08,508.57,503.47,505.08,6110432,540.0329,479.47,524.98,482.165,False,False,False,False,False,False,up,10.29000000000002,0.001997845460777557
2025-04-08 09:15:00-04:00,505.09,506.8,502.25,502.45,5542622,540.0329,479.47,524.98,482.165,False,False,False,False,False,False,up,10.29000000000002,0.001997845460777557
2025-04-08 09:30:00-04:00,502.37,509.11,502.03,507.78,6252338,540.0329,479.47,524.98,482.165,False,False,False,False,False,False,up,10.29000000000002,0.001997845460777557
2025-04-08 09:45:00-04:00,507.8,507.93,504.48,506.72,3219638,540.0329,479.47,524.98,482.165,False,False,False,False,False,False,up,10.29000000000002,0.001997845460777557
2025-04-08 10:00:00-04:00,506.76,507.12,503.0,503.4,2834774,540.0329,479.47,524.98,482.165,False,False,False,False,False,False,up,10.29000000000002,0.001997845460777557
2025-04-08 10:15:00-04:00,503.42,506.11,502.07,502.41,3218980,540.0329,479.47,524.98,482.165,False,False,False,False,False,False,up,10.29000000000002,0.001997845460777557
2025-04-08 10:30:00-04:00,502.44,507.82,501.4,501.529,5395159,540.0329,479.47,524.98,482.165,False,False,False,False,False,False,up,10.29000000000002,0.001997845460777557
2025-04-08 10:45:00-04:00,501.53,504.19,501.53,501.69,3136991,540.0329,479.47,524.98,482.165,False,False,False,False,False,False,up,10.29000000000002,0.001997845460777557
2025-04-08 11:00:00-04:00,501.71,502.12,496.33,496.61,5134125,540.0329,479.47,524.98,482.165,False,False,False,False,False,False,up,10.29000000000002,0.001997845460777557
2025-04-08 11:15:00-04:00,496.5808,498.62,494.34,497.51,7303199,540.0329,479.47,524.98,482.165,False,False,False,False,False,False,up,10.29000000000002,0.001997845460777557
2025-04-08 11:30:00-04:00,497.53,497.59,490.5,490.605,10209177,540.0329,479.47,524.98,482.165,False,False,False,False,False,False,up,10.29000000000002,0.001997845460777557
2025-04-08 11:45:00-04:00,490.63,497.46,489.16,496.74,18198613,540.0329,479.47,524.98,482.165,False,False,False,False,False,False,up,10.29000000000002,0.001997845460777557
2025-04-08 12:00:00-04:00,496.75,498.66,486.2007,496.24,12565734,540.0329,479.47,524.98,482.165,False,False,False,False,False,False,up,10.29000000000002,0.001997845460777557
2025-04-08 12:15:00-04:00,496.25,510.3403,493.95,494.68,4595693,540.0329,479.47,524.98,482.165,False,False,False,False,False,False,up,10.29000000000002,0.001997845460777557
2025-04-08 12:30:00-04:00,494.67,514.1142,494.63,495.235,293831,540.0329,479.47,524.98,482.165,False,False,False,False,False,False,up,10.29000000000002,0.001997845460777557
2025-04-08 12:45:00-04:00,495.21,529.3134,467.205,496.15,407984,540.0329,479.47,524.98,482.165,False,False,False,False,False,False,up,10.29000000000002,0.001997845460777557
2025-04-08 13:00:00-04:00,496.03,496.48,495.65,495.81,1200732,540.0329,479.47,524.98,482.165,False,False,False,False,False,False,up,10.29000000000002,0.001997845460777557
2025-04-08 13:15:00-04:00,495.83,495.94,495.5,495.76,104987,540.0329,479.47,524.98,482.165,False,False,False,False,False,False,up,10.29000000000002,0.001997845460777557
2025-04-08 13:30:00-04:00,495.77,496.39,495.73,496.2,49405,540.0329,479.47,524.98,482.165,False,False,False,False,False,False,up,10.29000000000002,0.001997845460777557
2025-04-08 13:45:00-04:00,496.16,496.5,495.85,495.85,295387,540.0329,479.47,524.98,482.165,False,False,False,False,False,False,up,10.29000000000002,0.001997845460777557
2025-04-08 14:00:00-04:00,495.85,496.22,492.0,492.735,465961,540.0329,479.47,524.98,482.165,False,False,False,False,False,False,up,10.29000000000002,0.001997845460777557
2025-04-08 14:15:00-04:00,492.7009,492.95,489.93,491.3801,296221,540.0329,479.47,524.98,482.165,False,False,False,False,False,False,up,10.29000000000002,0.001997845460777557
2025-04-08 14:30:00-04:00,496.48,523.86,490.2,491.66,3078839,540.0329,479.47,524.98,482.165,False,False,False,False,False,False,up,10.29000000000002,0.001997845460777557
2025-04-08 14:45:00-04:00,491.7,492.7,491.5,492.4,74683,540.0329,479.47,524.98,482.165,False,False,False,False,False,False,up,10.29000000000002,0.001997845460777557
2025-04-08 15:00:00-04:00,492.4,492.4,490.34,490.36,103361,540.0329,479.47,524.98,482.165,False,False,False,False,False,False,up,10.29000000000002,0.001997845460777557
2025-04-08 15:15:00-04:00,490.36,490.43,487.82,488.1,226901,540.0329,479.47,524.98,482.165,False,False,False,False,False,False,up,10.29000000000002,0.001997845460777557
2025-04-08 15:30:00-04:00,488.24,489.33,487.76,487.815,158944,540.0329,479.47,524.98,482.165,False,False,False,False,False,False,up,10.29000000000002,0.001997845460777557
2025-04-08 15:45:00-04:00,487.87,490.63,487.735,490.555,195365,540.0329,479.47,524.98,482.165,False,False,False,False,False,False,up,10.29000000000002,0.001997845460777557
2025-04-08 16:00:00-04:00,496.48,496.48,496.48,496.48,2994872,540.0329,479.47,524.98,482.165,False,False,False,False,False,False,up,10.29000000000002,0.001997845460777557
2025-04-09 00:00:00-04:00,487.21,499.96,486.55,495.41,286525,529.3134,467.205,503.67,482.7,False,False,False,False,False,False,up,2.589999999999975,0.007471111019888843
2025-04-09 00:15:00-04:00,495.43,497.32,494.79,494.8,81226,529.3134,467.205,503.67,482.7,False,False,False,False,False,False,up,2.589999999999975,0.007471111019888843
2025-04-09 00:30:00-04:00,494.87,496.58,492.15,496.04,101551,529.3134,467.205,503.67,482.7,False,False,False,False,False,False,up,2.589999999999975,0.007471111019888843
2025-04-09 00:45:00-04:00,496.14,498.31,495.66,497.87,142032,529.3134,467.205,503.67,482.7,False,False,False,False,False,False,up,2.589999999999975,0.007471111019888843
2025-04-09 01:00:00-04:00,497.98,499.12,496.64,498.24,82648,529.3134,467.205,503.67,482.7,False,False,False,False,False,False,up,2.589999999999975,0.007471111019888843
2025-04-09 01:15:00-04:00,498.23,498.72,496.56,497.5,76132,529.3134,467.205,503.67,482.7,False,False,False,False,False,False,up,2.589999999999975,0.007471111019888843
2025-04-09 01:30:00-04:00,497.6,498.09,495.79,496.26,31509,529.3134,467.205,503.67,482.7,False,False,False,False,False,False,up,2.589999999999975,0.007471111019888843
2025-04-09 01:45:00-04:00,496.3,496.33,494.55,495.63,58370,529.3134,467.205,503.67,482.7,False,False,False,False,False,False,up,2.589999999999975,0.007471111019888843
2025-04-09 02:00:00-04:00,495.62,496.35,493.46,495.42,97476,529.3134,467.205,503.67,482.7,False,False,False,False,False,False,up,2.589999999999975,0.007471111019888843
2025-04-09 02:15:00-04:00,495.48,495.63,492.21,493.64,105448,529.3134,467.205,503.67,482.7,False,False,False,False,False,False,up,2.589999999999975,0.007471111019888843
2025-04-09 02:30:00-04:00,493.57,495.0,491.89,494.41,163101,529.3134,467.205,503.67,482.7,False,False,False,False,False,False,up,2.589999999999975,0.007471111019888843
2025-04-09 02:45:00-04:00,494.39,498.28,494.08,494.82,344359,529.3134,467.205,503.67,482.7,False,False,False,False,False,False,up,2.589999999999975,0.007471111019888843
2025-04-09 03:00:00-04:00,494.72,495.08,487.35,490.85,1511502,529.3134,467.205,503.67,482.7,False,False,False,False,False,False,up,2.589999999999975,0.007471111019888843
2025-04-09 03:15:00-04:00,490.86,493.16,489.4,490.7,597989,529.3134,467.205,503.67,482.7,False,False,False,False,False,False,up,2.589999999999975,0.007471111019888843
2025-04-09 03:30:00-04:00,490.71,490.81,485.24,486.08,713563,529.3134,467.205,503.67,482.7,False,False,False,False,False,False,up,2.589999999999975,0.007471111019888843
2025-04-09 03:45:00-04:00,486.04,493.18,485.43,487.81,817845,529.3134,467.205,503.67,482.7,False,False,False,False,False,False,up,2.589999999999975,0.007471111019888843
2025-04-09 04:00:00-04:00,492.78,500.05,482.7,488.5793,1002238,529.3134,467.205,503.67,482.7,False,False,False,False,False,False,up,2.589999999999975,0.007471111019888843
2025-04-09 04:15:00-04:00,488.5787,488.99,486.23,487.13,475042,529.3134,467.205,503.67,482.7,False,False,False,False,False,False,up,2.589999999999975,0.007471111019888843
2025-04-09 04:30:00-04:00,487.01,489.17,486.1,489.16,481411,529.3134,467.205,503.67,482.7,False,False,False,False,False,False,up,2.589999999999975,0.007471111019888843
2025-04-09 04:45:00-04:00,489.1,496.48,488.69,491.5,1123289,529.3134,467.205,503.67,482.7,False,False,False,False,False,False,up,2.589999999999975,0.007471111019888843
2025-04-09 05:00:00-04:00,491.41,496.77,491.09,493.42,1719387,529.3134,467.205,503.67,482.7,False,False,False,False,False,False,up,2.589999999999975,0.007471111019888843
2025-04-09 05:15:00-04:00,493.44,496.05,493.05,493.44,626572,529.3134,467.205,503.67,482.7,False,False,False,False,False,False,up,2.589999999999975,0.007471111019888843
2025-04-09 05:30:00-04:00,493.44,502.04,493.43,497.59,9914360,529.3134,467.205,503.67,482.7,False,False,False,False,False,False,up,2.589999999999975,0.007471111019888843
2025-04-09 05:45:00-04:00,497.5301,501.37,495.725,499.85,5107619,529.3134,467.205,503.67,482.7,False,False,False,False,False,False,up,2.589999999999975,0.007471111019888843
2025-04-09 06:00:00-04:00,499.86,503.67,496.67,497.3194,5435955,529.3134,467.205,503.67,482.7,False,False,False,False,False,False,up,2.589999999999975,0.007471111019888843
2025-04-09 06:15:00-04:00,497.3,500.38,496.6837,498.97,5193812,529.3134,467.205,503.67,482.7,False,False,False,False,False,False,up,2.589999999999975,0.007471111019888843
2025-04-09 06:30:00-04:00,499.07,501.68,497.48,497.66,3210802,529.3134,467.205,503.67,482.7,False,False,False,False,False,False,up,2.589999999999975,0.007471111019888843
2025-04-09 06:45:00-04:00,497.69,499.83,493.0904,493.2084,4984367,529.3134,467.205,503.67,482.7,False,False,False,False,False,False,up,2.589999999999975,0.007471111019888843
2025-04-09 07:00:00-04:00,493.22,497.8,493.05,496.47,3774046,529.3134,467.205,503.67,482.7,False,False,False,False,False,False,up,2.589999999999975,0.007471111019888843
2025-04-09 07:15:00-04:00,496.505,499.71,496.49,498.28,2381572,529.3134,467.205,503.67,482.7,False,False,False,False,False,False,up,2.589999999999975,0.007471111019888843
2025-04-09 07:30:00-04:00,498.29,499.59,494.83,495.275,2753033,529.3134,467.205,503.67,482.7,False,False,False,False,False,False,up,2.589999999999975,0.007471111019888843
2025-04-09 07:45:00-04:00,495.24,499.05,495.24,495.975,2495829,529.3134,467.205,503.67,482.7,False,False,False,False,False,False,up,2.589999999999975,0.007471111019888843
2025-04-09 08:00:00-04:00,495.95,500.39,494.77,499.89,1892529,529.3134,467.205,503.67,482.7,False,False,False,False,False,False,up,2.589999999999975,0.007471111019888843
2025-04-09 08:15:00-04:00,499.88,500.55,499.05,499.26,2318616,529.3134,467.205,503.67,482.7,False,False,False,False,False,False,up,2.589999999999975,0.007471111019888843
2025-04-09 08:30:00-04:00,499.19,500.72,498.65,499.81,2703521,529.3134,467.205,503.67,482.7,False,False,False,False,False,False,up,2.589999999999975,0.007471111019888843
2025-04-09 08:45:00-04:00,499.78,502.58,499.2,501.2,2960987,529.3134,467.205,503.67,482.7,False,False,False,False,False,False,up,2.589999999999975,0.007471111019888843
2025-04-09 09:00:00-04:00,501.25,505.7099,501.0,502.41,5649378,529.3134,467.205,503.67,482.7,False,False,False,False,False,False,up,2.589999999999975,0.007471111019888843
2025-04-09 09:15:00-04:00,502.45,533.4,497.56,523.96,31045019,529.3134,467.205,503.67,482.7,False,False,False,False,False,False,up,2.589999999999975,0.007471111019888843
2025-04-09 09:30:00-04:00,524.02,536.5,522.95,525.98,18221122,529.3134,467.205,503.67,482.7,False,False,False,False,False,False,up,2.589999999999975,0.007471111019888843
2025-04-09 09:45:00-04:00,526.14,535.55,525.86,534.87,10619007,529.3134,467.205,503.67,482.7,False,False,False,False,False,False,up,2.589999999999975,0.007471111019888843
2025-04-09 10:00:00-04:00,534.925,537.98,531.11,534.4801,9657872,529.3134,467.205,503.67,482.7,False,False,False,False,False,False,up,2.589999999999975,0.007471111019888843
2025-04-09 10:15:00-04:00,534.54,539.71,500.4,538.15,9634293,529.3134,467.205,503.67,482.7,False,False,False,False,False,False,up,2.589999999999975,0.007471111019888843
2025-04-09 10:30:00-04:00,538.16,539.87,532.61,533.37,7723629,529.3134,467.205,503.67,482.7,False,False,False,False,False,False,up,2.589999999999975,0.007471111019888843
2025-04-09 10:45:00-04:00,533.38,536.18,530.59,530.93,6576526,529.3134,467.205,503.67,482.7,False,False,False,False,False,False,up,2.589999999999975,0.007471111019888843
2025-04-09 11:00:00-04:00,530.91,537.72,529.68,537.46,7441871,529.3134,467.205,503.67,482.7,False,False,False,False,False,False,up,2.589999999999975,0.007471111019888843
2025-04-09 11:15:00-04:00,537.48,541.78,535.79,540.49,7183134,529.3134,467.205,503.67,482.7,False,False,False,False,False,False,up,2.589999999999975,0.007471111019888843
2025-04-09 11:30:00-04:00,540.45,543.4,539.54,541.74,8383802,529.3134,467.205,503.67,482.7,False,False,False,False,False,False,up,2.589999999999975,0.007471111019888843
2025-04-09 11:45:00-04:00,541.8,546.33,540.39,543.37,22204066,529.3134,467.205,503.67,482.7,False,False,False,False,False,False,up,2.589999999999975,0.007471111019888843
2025-04-09 12:00:00-04:00,543.48,548.62,496.508,542.79,41465261,529.3134,467.205,503.67,482.7,False,False,False,False,False,False,up,2.589999999999975,0.007471111019888843
2025-04-09 12:15:00-04:00,542.71,548.62,496.508,544.87,3008052,529.3134,467.205,503.67,482.7,False,False,False,False,False,False,up,2.589999999999975,0.007471111019888843
2025-04-09 12:30:00-04:00,544.85,548.62,496.508,545.1814,795915,529.3134,467.205,503.67,482.7,False,False,False,False,False,False,up,2.589999999999975,0.007471111019888843
2025-04-09 12:45:00-04:00,545.21,576.1253,514.5864,545.82,580928,529.3134,467.205,503.67,482.7,False,False,False,False,False,False,up,2.589999999999975,0.007471111019888843
2025-04-09 13:00:00-04:00,545.91,576.1253,514.5864,546.15,1029558,529.3134,467.205,503.67,482.7,False,False,False,False,False,False,up,2.589999999999975,0.007471111019888843
2025-04-09 13:15:00-04:00,546.08,565.48,545.37,545.415,239592,529.3134,467.205,503.67,482.7,False,False,False,False,False,False,up,2.589999999999975,0.007471111019888843
2025-04-09 13:30:00-04:00,545.42,545.5,497.66,544.77,94367,529.3134,467.205,503.67,482.7,False,False,False,False,False,False,up,2.589999999999975,0.007471111019888843
2025-04-09 13:45:00-04:00,544.9242,548.62,544.07,544.4,208323,529.3134,467.205,503.67,482.7,False,False,False,False,False,False,up,2.589999999999975,0.007471111019888843
2025-04-09 14:00:00-04:00,544.43,545.5,543.5214,545.48,138539,529.3134,467.205,503.67,482.7,False,False,False,False,False,False,up,2.589999999999975,0.007471111019888843
2025-04-09 14:15:00-04:00,545.45,546.0,544.98,545.87,265960,529.3134,467.205,503.67,482.7,False,False,False,False,False,False,up,2.589999999999975,0.007471111019888843
2025-04-09 14:30:00-04:00,548.62,548.62,545.16,546.155,8274308,529.3134,467.205,503.67,482.7,False,False,False,False,False,False,up,2.589999999999975,0.007471111019888843
2025-04-09 14:45:00-04:00,546.1201,546.27,545.45,546.25,48109,529.3134,467.205,503.67,482.7,False,False,False,False,False,False,up,2.589999999999975,0.007471111019888843
2025-04-09 15:00:00-04:00,546.25,547.25,545.43,545.68,74174,529.3134,467.205,503.67,482.7,False,False,False,False,False,False,up,2.589999999999975,0.007471111019888843
2025-04-09 15:15:00-04:00,545.6,546.3,545.5,545.75,43662,529.3134,467.205,503.67,482.7,False,False,False,False,False,False,up,2.589999999999975,0.007471111019888843
2025-04-09 15:30:00-04:00,545.74,546.27,545.74,546.0,24316,529.3134,467.205,503.67,482.7,False,False,False,False,False,False,up,2.589999999999975,0.007471111019888843
2025-04-09 15:45:00-04:00,546.03,546.28,545.25,545.76,62967,529.3134,467.205,503.67,482.7,False,False,False,False,False,False,up,2.589999999999975,0.007471111019888843
2025-04-09 16:00:00-04:00,548.62,548.62,548.62,548.62,8118052,529.3134,467.205,503.67,482.7,False,False,False,False,False,False,up,2.589999999999975,0.007471111019888843
2025-04-10 00:00:00-04:00,540.0,541.93,534.31,534.99,408811,576.1253,482.7,548.6228,525.94,False,False,False,False,False,False,down,-1.6399999999999864,-0.011462962962963064
2025-04-10 00:15:00-04:00,534.95,535.12,533.03,534.06,134449,576.1253,482.7,548.6228,525.94,False,False,False,False,False,False,down,-1.6399999999999864,-0.011462962962963064
2025-04-10 00:30:00-04:00,534.05,534.1,530.68,533.38,204986,576.1253,482.7,548.6228,525.94,False,False,False,False,False,False,down,-1.6399999999999864,-0.011462962962963064
2025-04-10 00:45:00-04:00,533.5,534.5,531.32,531.88,140218,576.1253,482.7,548.6228,525.94,False,False,False,False,False,False,down,-1.6399999999999864,-0.011462962962963064
2025-04-10 01:00:00-04:00,531.94,532.59,530.7,532.43,94034,576.1253,482.7,548.6228,525.94,False,False,False,False,False,False,down,-1.6399999999999864,-0.011462962962963064
2025-04-10 01:15:00-04:00,532.44,533.5,531.66,531.96,72286,576.1253,482.7,548.6228,525.94,False,False,False,False,False,False,down,-1.6399999999999864,-0.011462962962963064
2025-04-10 01:30:00-04:00,532.03,534.34,532.03,532.35,94361,576.1253,482.7,548.6228,525.94,False,False,False,False,False,False,down,-1.6399999999999864,-0.011462962962963064
2025-04-10 01:45:00-04:00,532.27,534.0,531.88,532.79,131313,576.1253,482.7,548.6228,525.94,False,False,False,False,False,False,down,-1.6399999999999864,-0.011462962962963064
2025-04-10 02:00:00-04:00,532.83,536.0,532.52,535.43,166645,576.1253,482.7,548.6228,525.94,False,False,False,False,False,False,down,-1.6399999999999864,-0.011462962962963064
2025-04-10 02:15:00-04:00,535.46,536.9,534.9,535.45,364918,576.1253,482.7,548.6228,525.94,False,False,False,False,False,False,down,-1.6399999999999864,-0.011462962962963064
2025-04-10 02:30:00-04:00,535.4,537.35,535.12,535.99,123516,576.1253,482.7,548.6228,525.94,False,False,False,False,False,False,down,-1.6399999999999864,-0.011462962962963064
2025-04-10 02:45:00-04:00,535.96,535.96,533.75,533.76,126075,576.1253,482.7,548.6228,525.94,False,False,False,False,False,False,down,-1.6399999999999864,-0.011462962962963064
2025-04-10 03:00:00-04:00,533.84,535.32,533.42,533.81,213457,576.1253,482.7,548.6228,525.94,False,False,False,False,False,False,down,-1.6399999999999864,-0.011462962962963064
2025-04-10 03:15:00-04:00,533.84,535.04,533.64,534.13,217175,576.1253,482.7,548.6228,525.94,False,False,False,False,False,False,down,-1.6399999999999864,-0.011462962962963064
2025-04-10 03:30:00-04:00,534.22,536.04,533.55,534.86,225992,576.1253,482.7,548.6228,525.94,False,False,False,False,False,False,down,-1.6399999999999864,-0.011462962962963064
2025-04-10 03:45:00-04:00,534.83,535.44,534.56,535.35,235304,576.1253,482.7,548.6228,525.94,False,False,False,False,False,False,down,-1.6399999999999864,-0.011462962962963064
2025-04-10 04:00:00-04:00,535.25,548.6228,530.867,533.935,639936,576.1253,482.7,548.6228,525.94,False,False,False,False,False,False,down,-1.6399999999999864,-0.011462962962963064
2025-04-10 04:15:00-04:00,533.875,548.62,532.5,533.13,632708,576.1253,482.7,548.6228,525.94,False,False,False,False,False,False,down,-1.6399999999999864,-0.011462962962963064
2025-04-10 04:30:00-04:00,535.0,539.32,531.46,532.44,1315563,576.1253,482.7,548.6228,525.94,False,False,False,False,False,False,down,-1.6399999999999864,-0.011462962962963064
2025-04-10 04:45:00-04:00,532.44,548.62,531.0,533.24,572397,576.1253,482.7,548.6228,525.94,False,False,False,False,False,False,down,-1.6399999999999864,-0.011462962962963064
2025-04-10 05:00:00-04:00,533.27,535.0,532.6202,532.95,404175,576.1253,482.7,548.6228,525.94,False,False,False,False,False,False,down,-1.6399999999999864,-0.011462962962963064
2025-04-10 05:15:00-04:00,532.97,535.15,531.75,532.26,419498,576.1253,482.7,548.6228,525.94,False,False,False,False,False,False,down,-1.6399999999999864,-0.011462962962963064
2025-04-10 05:30:00-04:00,532.17,533.495,528.51,530.11,7716624,576.1253,482.7,548.6228,525.94,False,False,False,False,False,False,down,-1.6399999999999864,-0.011462962962963064
2025-04-10 05:45:00-04:00,530.1,533.33,528.88,529.0025,6007908,576.1253,482.7,548.6228,525.94,False,False,False,False,False,False,down,-1.6399999999999864,-0.011462962962963064
2025-04-10 06:00:00-04:00,528.99,530.14,526.3401,527.6399,5125922,576.1253,482.7,548.6228,525.94,False,False,False,False,False,False,down,-1.6399999999999864,-0.011462962962963064
2025-04-10 06:15:00-04:00,527.66,530.73,527.04,528.11,4214710,576.1253,482.7,548.6228,525.94,False,False,False,False,False,False,down,-1.6399999999999864,-0.011462962962963064
2025-04-10 06:30:00-04:00,528.12,531.96,528.11,529.97,4118181,576.1253,482.7,548.6228,525.94,False,False,False,False,False,False,down,-1.6399999999999864,-0.011462962962963064
2025-04-10 06:45:00-04:00,530.0,530.27,526.05,526.29,3340890,576.1253,482.7,548.6228,525.94,False,False,False,False,False,False,down,-1.6399999999999864,-0.011462962962963064
2025-04-10 07:00:00-04:00,526.29,528.7,525.94,526.45,3697444,576.1253,482.7,548.6228,525.94,False,False,False,False,False,False,down,-1.6399999999999864,-0.011462962962963064
2025-04-10 07:15:00-04:00,526.44,526.71,523.71,523.7102,3112204,576.1253,482.7,548.6228,525.94,False,False,False,False,False,False,down,-1.6399999999999864,-0.011462962962963064
2025-04-10 07:30:00-04:00,523.72,524.27,521.38,521.69,4091354,576.1253,482.7,548.6228,525.94,False,False,False,False,False,False,down,-1.6399999999999864,-0.011462962962963064
2025-04-10 07:45:00-04:00,521.65,522.74,517.91,518.6143,5615716,576.1253,482.7,548.6228,525.94,False,False,False,False,False,False,down,-1.6399999999999864,-0.011462962962963064
2025-04-10 08:00:00-04:00,518.56,520.09,515.67,516.275,6001813,576.1253,482.7,548.6228,525.94,False,False,False,False,False,False,down,-1.6399999999999864,-0.011462962962963064
2025-04-10 08:15:00-04:00,516.23,516.89,509.32,511.86,9284381,576.1253,482.7,548.6228,525.94,False,False,False,False,False,False,down,-1.6399999999999864,-0.011462962962963064
2025-04-10 08:30:00-04:00,511.815,518.84,511.5127,517.86,7448344,576.1253,482.7,548.6228,525.94,False,False,False,False,False,False,down,-1.6399999999999864,-0.011462962962963064
2025-04-10 08:45:00-04:00,517.8,520.55,515.42,519.76,5682933,576.1253,482.7,548.6228,525.94,False,False,False,False,False,False,down,-1.6399999999999864,-0.011462962962963064
2025-04-10 09:00:00-04:00,519.67,524.7,513.5,514.61,6891264,576.1253,482.7,548.6228,525.94,False,False,False,False,False,False,down,-1.6399999999999864,-0.011462962962963064
2025-04-10 09:15:00-04:00,514.6,519.59,512.87,519.32,4312083,576.1253,482.7,548.6228,525.94,False,False,False,False,False,False,down,-1.6399999999999864,-0.011462962962963064
2025-04-10 09:30:00-04:00,519.21,522.89,518.32,522.6301,3948768,576.1253,482.7,548.6228,525.94,False,False,False,False,False,False,down,-1.6399999999999864,-0.011462962962963064
2025-04-10 09:45:00-04:00,522.66,525.55,521.07,524.28,4486121,576.1253,482.7,548.6228,525.94,False,False,False,False,False,False,down,-1.6399999999999864,-0.011462962962963064
2025-04-10 10:00:00-04:00,524.19,527.76,520.51,520.93,5466902,576.1253,482.7,548.6228,525.94,False,False,False,False,False,False,down,-1.6399999999999864,-0.011462962962963064
2025-04-10 10:15:00-04:00,520.87,528.76,520.31,528.39,3753852,576.1253,482.7,548.6228,525.94,False,False,False,False,False,False,down,-1.6399999999999864,-0.011462962962963064
2025-04-10 10:30:00-04:00,528.39,529.71,525.548,529.48,3592193,576.1253,482.7,548.6228,525.94,False,False,False,False,False,False,down,-1.6399999999999864,-0.011462962962963064
2025-04-10 10:45:00-04:00,529.42,529.53,523.57,526.07,4240616,576.1253,482.7,548.6228,525.94,False,False,False,False,False,False,down,-1.6399999999999864,-0.011462962962963064
2025-04-10 11:00:00-04:00,526.17,529.43,523.78,525.34,3888234,576.1253,482.7,548.6228,525.94,False,False,False,False,False,False,down,-1.6399999999999864,-0.011462962962963064
2025-04-10 11:15:00-04:00,525.26,528.69,522.37,522.43,4120479,576.1253,482.7,548.6228,525.94,False,False,False,False,False,False,down,-1.6399999999999864,-0.011462962962963064
2025-04-10 11:30:00-04:00,522.47,525.68,518.2,518.8,6633449,576.1253,482.7,548.6228,525.94,False,False,False,False,False,False,down,-1.6399999999999864,-0.011462962962963064
2025-04-10 11:45:00-04:00,518.805,526.52,518.22,524.7,14985084,576.1253,482.7,548.6228,525.94,False,False,False,False,False,False,down,-1.6399999999999864,-0.011462962962963064
2025-04-10 12:00:00-04:00,524.67,543.87,523.346,526.5,15677821,576.1253,482.7,548.6228,525.94,False,False,False,False,False,False,down,-1.6399999999999864,-0.011462962962963064
2025-04-10 12:15:00-04:00,526.51,543.8155,524.38,524.4,1575277,576.1253,482.7,548.6228,525.94,False,False,False,False,False,False,down,-1.6399999999999864,-0.011462962962963064
2025-04-10 12:30:00-04:00,524.4,571.2973,484.4092,523.885,287157,576.1253,482.7,548.6228,525.94,False,False,False,False,False,False,down,-1.6399999999999864,-0.011462962962963064
2025-04-10 12:45:00-04:00,523.86,580.397,427.57,525.16,319506,576.1253,482.7,548.6228,525.94,False,False,False,False,False,False,down,-1.6399999999999864,-0.011462962962963064
2025-04-10 13:00:00-04:00,525.13,525.3,524.58,524.96,135211,576.1253,482.7,548.6228,525.94,False,False,False,False,False,False,down,-1.6399999999999864,-0.011462962962963064
2025-04-10 13:15:00-04:00,524.95,543.87,524.58,524.8983,89670,576.1253,482.7,548.6228,525.94,False,False,False,False,False,False,down,-1.6399999999999864,-0.011462962962963064
2025-04-10 13:30:00-04:00,524.89,524.97,524.41,524.61,22791,576.1253,482.7,548.6228,525.94,False,False,False,False,False,False,down,-1.6399999999999864,-0.011462962962963064
2025-04-10 13:45:00-04:00,524.58,524.67,524.2,524.365,28020,576.1253,482.7,548.6228,525.94,False,False,False,False,False,False,down,-1.6399999999999864,-0.011462962962963064
2025-04-10 14:00:00-04:00,524.43,526.5983,524.4,526.05,104731,576.1253,482.7,548.6228,525.94,False,False,False,False,False,False,down,-1.6399999999999864,-0.011462962962963064
2025-04-10 14:15:00-04:00,526.05,526.47,525.5,525.87,27480,576.1253,482.7,548.6228,525.94,False,False,False,False,False,False,down,-1.6399999999999864,-0.011462962962963064
2025-04-10 14:30:00-04:00,524.58,527.37,524.58,527.1601,2528448,576.1253,482.7,548.6228,525.94,False,False,False,False,False,False,down,-1.6399999999999864,-0.011462962962963064
2025-04-10 14:45:00-04:00,527.17,527.68,525.74,525.9,33634,576.1253,482.7,548.6228,525.94,False,False,False,False,False,False,down,-1.6399999999999864,-0.011462962962963064
2025-04-10 15:00:00-04:00,525.9,526.12,524.07,524.265,100790,576.1253,482.7,548.6228,525.94,False,False,False,False,False,False,down,-1.6399999999999864,-0.011462962962963064
2025-04-10 15:15:00-04:00,524.35,524.35,522.27,523.25,43778,576.1253,482.7,548.6228,525.94,False,False,False,False,False,False,down,-1.6399999999999864,-0.011462962962963064
2025-04-10 15:30:00-04:00,523.2518,523.96,522.9,523.64,22872,576.1253,482.7,548.6228,525.94,False,False,False,False,False,False,down,-1.6399999999999864,-0.011462962962963064
2025-04-10 15:45:00-04:00,523.58,523.75,521.23,522.21,97341,576.1253,482.7,548.6228,525.94,False,False,False,False,False,False,down,-1.6399999999999864,-0.011462962962963064
2025-04-10 16:00:00-04:00,524.58,524.58,524.58,524.58,2480360,576.1253,482.7,548.6228,525.94,False,False,False,False,False,False,down,-1.6399999999999864,-0.011462962962963064
2025-04-11 00:00:00-04:00,525.2,528.0,523.61,526.36,168453,580.397,427.57,544.99,486.71,False,False,False,False,False,False,up,-5.029999999999973,0.005407463823305251
2025-04-11 00:15:00-04:00,526.5,526.67,522.9,523.6,123739,580.397,427.57,544.99,486.71,False,False,False,False,False,False,up,-5.029999999999973,0.005407463823305251
2025-04-11 00:30:00-04:00,523.68,524.08,520.73,521.72,104908,580.397,427.57,544.99,486.71,False,False,False,False,False,False,up,-5.029999999999973,0.005407463823305251
2025-04-11 00:45:00-04:00,521.62,522.83,521.3,522.42,74506,580.397,427.57,544.99,486.71,False,False,False,False,False,False,up,-5.029999999999973,0.005407463823305251
2025-04-11 01:00:00-04:00,522.36,523.37,521.5,523.1,69738,580.397,427.57,544.99,486.71,False,False,False,False,False,False,up,-5.029999999999973,0.005407463823305251
2025-04-11 01:15:00-04:00,523.14,524.39,522.7,523.64,25511,580.397,427.57,544.99,486.71,False,False,False,False,False,False,up,-5.029999999999973,0.005407463823305251
2025-04-11 01:30:00-04:00,523.84,526.21,523.33,526.17,37083,580.397,427.57,544.99,486.71,False,False,False,False,False,False,up,-5.029999999999973,0.005407463823305251
2025-04-11 01:45:00-04:00,526.2,529.11,525.24,528.98,59872,580.397,427.57,544.99,486.71,False,False,False,False,False,False,up,-5.029999999999973,0.005407463823305251
2025-04-11 02:00:00-04:00,528.92,529.52,527.44,528.35,56054,580.397,427.57,544.99,486.71,False,False,False,False,False,False,up,-5.029999999999973,0.005407463823305251
2025-04-11 02:15:00-04:00,528.17,530.33,527.77,529.6,63834,580.397,427.57,544.99,486.71,False,False,False,False,False,False,up,-5.029999999999973,0.005407463823305251
2025-04-11 02:30:00-04:00,529.6,530.64,528.76,528.83,38843,580.397,427.57,544.99,486.71,False,False,False,False,False,False,up,-5.029999999999973,0.005407463823305251
2025-04-11 02:45:00-04:00,528.86,529.68,527.63,528.78,76913,580.397,427.57,544.99,486.71,False,False,False,False,False,False,up,-5.029999999999973,0.005407463823305251
2025-04-11 03:00:00-04:00,528.79,529.65,527.92,528.04,100969,580.397,427.57,544.99,486.71,False,False,False,False,False,False,up,-5.029999999999973,0.005407463823305251
2025-04-11 03:15:00-04:00,527.95,528.15,525.64,526.39,121848,580.397,427.57,544.99,486.71,False,False,False,False,False,False,up,-5.029999999999973,0.005407463823305251
2025-04-11 03:30:00-04:00,526.32,526.86,525.3,526.1,99235,580.397,427.57,544.99,486.71,False,False,False,False,False,False,up,-5.029999999999973,0.005407463823305251
2025-04-11 03:45:00-04:00,525.95,527.94,524.3,526.97,154978,580.397,427.57,544.99,486.71,False,False,False,False,False,False,up,-5.029999999999973,0.005407463823305251
2025-04-11 04:00:00-04:00,528.31,532.56,521.3067,527.23,347438,580.397,427.57,544.99,486.71,False,False,False,False,False,False,up,-5.029999999999973,0.005407463823305251
2025-04-11 04:15:00-04:00,527.26,527.8,526.25,527.1,148352,580.397,427.57,544.99,486.71,False,False,False,False,False,False,up,-5.029999999999973,0.005407463823305251
2025-04-11 04:30:00-04:00,527.5,529.77,527.09,527.54,354709,580.397,427.57,544.99,486.71,False,False,False,False,False,False,up,-5.029999999999973,0.005407463823305251
2025-04-11 04:45:00-04:00,527.64,527.82,524.58,525.5694,343921,580.397,427.57,544.99,486.71,False,False,False,False,False,False,up,-5.029999999999973,0.005407463823305251
2025-04-11 05:00:00-04:00,525.59,544.99,486.71,522.51,976089,580.397,427.57,544.99,486.71,False,False,False,False,False,False,up,-5.029999999999973,0.005407463823305251
2025-04-11 05:15:00-04:00,522.45,524.42,521.91,522.81,889597,580.397,427.57,544.99,486.71,False,False,False,False,False,False,up,-5.029999999999973,0.005407463823305251
2025-04-11 05:30:00-04:00,523.01,526.27,521.1,525.57,6156964,580.397,427.57,544.99,486.71,False,False,False,False,False,False,up,-5.029999999999973,0.005407463823305251
2025-04-11 05:45:00-04:00,525.61,528.84,525.25,526.4001,4441962,580.397,427.57,544.99,486.71,False,False,False,False,False,False,up,-5.029999999999973,0.005407463823305251
2025-04-11 06:00:00-04:00,526.48,528.43,523.38,526.315,5250680,580.397,427.57,544.99,486.71,False,False,False,False,False,False,up,-5.029999999999973,0.005407463823305251
2025-04-11 06:15:00-04:00,526.32,527.6365,520.07,520.69,3763383,580.397,427.57,544.99,486.71,False,False,False,False,False,False,up,-5.029999999999973,0.005407463823305251
2025-04-11 06:30:00-04:00,520.8,525.5162,520.09,525.3,2913912,580.397,427.57,544.99,486.71,False,False,False,False,False,False,up,-5.029999999999973,0.005407463823305251
2025-04-11 06:45:00-04:00,525.31,526.71,522.94,523.17,2445504,580.397,427.57,544.99,486.71,False,False,False,False,False,False,up,-5.029999999999973,0.005407463823305251
2025-04-11 07:00:00-04:00,523.14,527.42,521.69,521.9,3296730,580.397,427.57,544.99,486.71,False,False,False,False,False,False,up,-5.029999999999973,0.005407463823305251
2025-04-11 07:15:00-04:00,521.78,523.5685,520.88,523.08,2200661,580.397,427.57,544.99,486.71,False,False,False,False,False,False,up,-5.029999999999973,0.005407463823305251
2025-04-11 07:30:00-04:00,523.03,526.07,522.42,525.24,1734233,580.397,427.57,544.99,486.71,False,False,False,False,False,False,up,-5.029999999999973,0.005407463823305251
2025-04-11 07:45:00-04:00,525.22,527.11,524.73,526.94,1540531,580.397,427.57,544.99,486.71,False,False,False,False,False,False,up,-5.029999999999973,0.005407463823305251
2025-04-11 08:00:00-04:00,526.93,528.5,526.08,527.85,1733112,580.397,427.57,544.99,486.71,False,False,False,False,False,False,up,-5.029999999999973,0.005407463823305251
2025-04-11 08:15:00-04:00,527.86,528.67,526.41,527.39,1502065,580.397,427.57,544.99,486.71,False,False,False,False,False,False,up,-5.029999999999973,0.005407463823305251
2025-04-11 08:30:00-04:00,527.535,532.26,525.46,531.9627,2918911,580.397,427.57,544.99,486.71,False,False,False,False,False,False,up,-5.029999999999973,0.005407463823305251
2025-04-11 08:45:00-04:00,531.965,532.85,531.02,531.72,2233263,580.397,427.57,544.99,486.71,False,False,False,False,False,False,up,-5.029999999999973,0.005407463823305251
2025-04-11 09:00:00-04:00,531.77,533.09,530.6047,531.475,1838204,580.397,427.57,544.99,486.71,False,False,False,False,False,False,up,-5.029999999999973,0.005407463823305251
2025-04-11 09:15:00-04:00,531.48,532.02,529.48,529.83,2038469,580.397,427.57,544.99,486.71,False,False,False,False,False,False,up,-5.029999999999973,0.005407463823305251
2025-04-11 09:30:00-04:00,529.84,536.12,528.84,535.4,3938369,580.397,427.57,544.99,486.71,False,False,False,False,False,False,up,-5.029999999999973,0.005407463823305251
2025-04-11 09:45:00-04:00,535.4106,536.43,533.212,534.7,2992759,580.397,427.57,544.99,486.71,False,False,False,False,False,False,up,-5.029999999999973,0.005407463823305251
2025-04-11 10:00:00-04:00,534.72,534.99,532.7263,533.6,2491879,580.397,427.57,544.99,486.71,False,False,False,False,False,False,up,-5.029999999999973,0.005407463823305251
2025-04-11 10:15:00-04:00,533.59,534.1,531.57,533.17,2656207,580.397,427.57,544.99,486.71,False,False,False,False,False,False,up,-5.029999999999973,0.005407463823305251
2025-04-11 10:30:00-04:00,533.16,534.21,532.37,533.67,1908954,580.397,427.57,544.99,486.71,False,False,False,False,False,False,up,-5.029999999999973,0.005407463823305251
2025-04-11 10:45:00-04:00,533.68,534.52,531.97,532.16,1599743,580.397,427.57,544.99,486.71,False,False,False,False,False,False,up,-5.029999999999973,0.005407463823305251
2025-04-11 11:00:00-04:00,532.23,535.31,532.11,535.06,2452947,580.397,427.57,544.99,486.71,False,False,False,False,False,False,up,-5.029999999999973,0.005407463823305251
2025-04-11 11:15:00-04:00,535.06,535.68,533.645,534.74,2457963,580.397,427.57,544.99,486.71,False,False,False,False,False,False,up,-5.029999999999973,0.005407463823305251
2025-04-11 11:30:00-04:00,534.67,535.16,533.48,534.91,3335063,580.397,427.57,544.99,486.71,False,False,False,False,False,False,up,-5.029999999999973,0.005407463823305251
2025-04-11 11:45:00-04:00,534.9,535.45,533.75,533.98,11076562,580.397,427.57,544.99,486.71,False,False,False,False,False,False,up,-5.029999999999973,0.005407463823305251
2025-04-11 12:00:00-04:00,533.98,534.58,525.0189,534.48,11683799,580.397,427.57,544.99,486.71,False,False,False,False,False,False,up,-5.029999999999973,0.005407463823305251
2025-04-11 12:15:00-04:00,534.5,534.94,533.9,534.57,2558825,580.397,427.57,544.99,486.71,False,False,False,False,False,False,up,-5.029999999999973,0.005407463823305251
2025-04-11 12:30:00-04:00,534.59,534.77,525.0189,534.67,1613975,580.397,427.57,544.99,486.71,False,False,False,False,False,False,up,-5.029999999999973,0.005407463823305251
2025-04-11 12:45:00-04:00,534.7,568.0264,510.0177,534.35,237687,580.397,427.57,544.99,486.71,False,False,False,False,False,False,up,-5.029999999999973,0.005407463823305251
2025-04-11 13:00:00-04:00,534.3499,564.5945,506.2749,534.375,437856,580.397,427.57,544.99,486.71,False,False,False,False,False,False,up,-5.029999999999973,0.005407463823305251
2025-04-11 13:15:00-04:00,534.375,534.51,534.37,534.37,35022,580.397,427.57,544.99,486.71,False,False,False,False,False,False,up,-5.029999999999973,0.005407463823305251
2025-04-11 13:30:00-04:00,534.39,534.41,533.94,533.98,37615,580.397,427.57,544.99,486.71,False,False,False,False,False,False,up,-5.029999999999973,0.005407463823305251
2025-04-11 13:45:00-04:00,533.9705,534.3,533.83,534.0,17846,580.397,427.57,544.99,486.71,False,False,False,False,False,False,up,-5.029999999999973,0.005407463823305251
2025-04-11 14:00:00-04:00,533.95,534.1,533.89,533.98,13934,580.397,427.57,544.99,486.71,False,False,False,False,False,False,up,-5.029999999999973,0.005407463823305251
2025-04-11 14:15:00-04:00,534.0,534.1,533.85,533.88,50195,580.397,427.57,544.99,486.71,False,False,False,False,False,False,up,-5.029999999999973,0.005407463823305251
2025-04-11 14:30:00-04:00,533.94,533.98,533.85,533.9,1381132,580.397,427.57,544.99,486.71,False,False,False,False,False,False,up,-5.029999999999973,0.005407463823305251
2025-04-11 14:45:00-04:00,533.87,533.97,533.66,533.685,17669,580.397,427.57,544.99,486.71,False,False,False,False,False,False,up,-5.029999999999973,0.005407463823305251
2025-04-11 15:00:00-04:00,533.6997,533.98,533.66,533.9796,11501,580.397,427.57,544.99,486.71,False,False,False,False,False,False,up,-5.029999999999973,0.005407463823305251
2025-04-11 15:15:00-04:00,533.7,533.98,533.66,533.85,7017,580.397,427.57,544.99,486.71,False,False,False,False,False,False,up,-5.029999999999973,0.005407463823305251
2025-04-11 15:30:00-04:00,533.85,533.94,533.75,533.855,8678,580.397,427.57,544.99,486.71,False,False,False,False,False,False,up,-5.029999999999973,0.005407463823305251
2025-04-11 15:45:00-04:00,533.88,534.29,533.8,534.29,22659,580.397,427.57,544.99,486.71,False,False,False,False,False,False,up,-5.029999999999973,0.005407463823305251
2025-04-11 16:00:00-04:00,533.94,533.94,533.94,533.94,1374075,580.397,427.57,544.99,486.71,False,False,False,False,False,False,up,-5.029999999999973,0.005407463823305251
2025-04-14 00:00:00-04:00,538.17,542.0,538.17,541.43,46965,568.0264,486.71,544.48,533.94,False,False,False,False,False,False,up,1.5499999999999545,0.008045784789193083
2025-04-14 00:15:00-04:00,541.46,542.0,541.38,541.72,20371,568.0264,486.71,544.48,533.94,False,False,False,False,False,False,up,1.5499999999999545,0.008045784789193083
2025-04-14 00:30:00-04:00,541.71,542.09,541.5,541.63,17738,568.0264,486.71,544.48,533.94,False,False,False,False,False,False,up,1.5499999999999545,0.008045784789193083
2025-04-14 00:45:00-04:00,541.63,541.94,541.36,541.56,29809,568.0264,486.71,544.48,533.94,False,False,False,False,False,False,up,1.5499999999999545,0.008045784789193083
2025-04-14 01:00:00-04:00,541.56,542.2,541.4,541.43,19539,568.0264,486.71,544.48,533.94,False,False,False,False,False,False,up,1.5499999999999545,0.008045784789193083
2025-04-14 01:15:00-04:00,541.53,541.59,540.16,540.16,25347,568.0264,486.71,544.48,533.94,False,False,False,False,False,False,up,1.5499999999999545,0.008045784789193083
2025-04-14 01:30:00-04:00,540.26,540.62,539.38,539.66,21450,568.0264,486.71,544.48,533.94,False,False,False,False,False,False,up,1.5499999999999545,0.008045784789193083
2025-04-14 01:45:00-04:00,539.72,540.34,539.24,540.29,22715,568.0264,486.71,544.48,533.94,False,False,False,False,False,False,up,1.5499999999999545,0.008045784789193083
2025-04-14 02:00:00-04:00,540.26,540.93,540.11,540.37,17584,568.0264,486.71,544.48,533.94,False,False,False,False,False,False,up,1.5499999999999545,0.008045784789193083
2025-04-14 02:15:00-04:00,540.25,540.5,539.76,540.28,12113,568.0264,486.71,544.48,533.94,False,False,False,False,False,False,up,1.5499999999999545,0.008045784789193083
2025-04-14 02:30:00-04:00,540.28,541.13,540.26,540.97,38207,568.0264,486.71,544.48,533.94,False,False,False,False,False,False,up,1.5499999999999545,0.008045784789193083
2025-04-14 02:45:00-04:00,540.96,541.44,540.68,541.44,12925,568.0264,486.71,544.48,533.94,False,False,False,False,False,False,up,1.5499999999999545,0.008045784789193083
2025-04-14 03:00:00-04:00,541.36,542.63,541.07,542.5,182969,568.0264,486.71,544.48,533.94,False,False,False,False,False,False,up,1.5499999999999545,0.008045784789193083
2025-04-14 03:15:00-04:00,542.47,543.0,541.81,542.3,234458,568.0264,486.71,544.48,533.94,False,False,False,False,False,False,up,1.5499999999999545,0.008045784789193083
2025-04-14 03:30:00-04:00,542.3,542.5,541.48,541.71,52315,568.0264,486.71,544.48,533.94,False,False,False,False,False,False,up,1.5499999999999545,0.008045784789193083
2025-04-14 03:45:00-04:00,541.76,541.86,539.99,540.09,108744,568.0264,486.71,544.48,533.94,False,False,False,False,False,False,up,1.5499999999999545,0.008045784789193083
2025-04-14 04:00:00-04:00,541.75,542.9,533.94,541.18,241520,568.0264,486.71,544.48,533.94,False,False,False,False,False,False,up,1.5499999999999545,0.008045784789193083
2025-04-14 04:15:00-04:00,541.21,541.83,541.04,541.62,118270,568.0264,486.71,544.48,533.94,False,False,False,False,False,False,up,1.5499999999999545,0.008045784789193083
2025-04-14 04:30:00-04:00,541.62,542.88,541.36,542.3243,220536,568.0264,486.71,544.48,533.94,False,False,False,False,False,False,up,1.5499999999999545,0.008045784789193083
2025-04-14 04:45:00-04:00,542.27,542.85,533.94,542.7204,102394,568.0264,486.71,544.48,533.94,False,False,False,False,False,False,up,1.5499999999999545,0.008045784789193083
2025-04-14 05:00:00-04:00,542.76,543.18,542.43,542.8797,266941,568.0264,486.71,544.48,533.94,False,False,False,False,False,False,up,1.5499999999999545,0.008045784789193083
2025-04-14 05:15:00-04:00,542.89,544.48,542.8401,544.05,528463,568.0264,486.71,544.48,533.94,False,False,False,False,False,False,up,1.5499999999999545,0.008045784789193083
2025-04-14 05:30:00-04:00,544.05,544.28,539.25,540.7236,5319558,568.0264,486.71,544.48,533.94,False,False,False,False,False,False,up,1.5499999999999545,0.008045784789193083
2025-04-14 05:45:00-04:00,540.75,541.95,539.21,540.47,3059980,568.0264,486.71,544.48,533.94,False,False,False,False,False,False,up,1.5499999999999545,0.008045784789193083
2025-04-14 06:00:00-04:00,540.63,543.49,539.965,541.415,2665364,568.0264,486.71,544.48,533.94,False,False,False,False,False,False,up,1.5499999999999545,0.008045784789193083
2025-04-14 06:15:00-04:00,541.5,542.4,539.71,542.12,1913713,568.0264,486.71,544.48,533.94,False,False,False,False,False,False,up,1.5499999999999545,0.008045784789193083
2025-04-14 06:30:00-04:00,542.14,543.02,541.63,542.35,1386994,568.0264,486.71,544.48,533.94,False,False,False,False,False,False,up,1.5499999999999545,0.008045784789193083
2025-04-14 06:45:00-04:00,542.355,543.85,541.94,542.42,1902934,568.0264,486.71,544.48,533.94,False,False,False,False,False,False,up,1.5499999999999545,0.008045784789193083
2025-04-14 07:00:00-04:00,542.435,543.09,540.43,540.65,2135188,568.0264,486.71,544.48,533.94,False,False,False,False,False,False,up,1.5499999999999545,0.008045784789193083
2025-04-14 07:15:00-04:00,540.67,541.23,538.43,538.52,1942222,568.0264,486.71,544.48,533.94,False,False,False,False,False,False,up,1.5499999999999545,0.008045784789193083
2025-04-14 07:30:00-04:00,538.64,539.93,536.88,538.23,2569941,568.0264,486.71,544.48,533.94,False,False,False,False,False,False,up,1.5499999999999545,0.008045784789193083
2025-04-14 07:45:00-04:00,538.18,538.29,535.23,535.7399,2888142,568.0264,486.71,544.48,533.94,False,False,False,False,False,False,up,1.5499999999999545,0.008045784789193083
2025-04-14 08:00:00-04:00,535.725,536.85,533.86,535.43,3145086,568.0264,486.71,544.48,533.94,False,False,False,False,False,False,up,1.5499999999999545,0.008045784789193083
2025-04-14 08:15:00-04:00,535.47,537.85,535.16,535.85,2660481,568.0264,486.71,544.48,533.94,False,False,False,False,False,False,up,1.5499999999999545,0.008045784789193083
2025-04-14 08:30:00-04:00,535.82,537.86,535.44,537.58,1599071,568.0264,486.71,544.48,533.94,False,False,False,False,False,False,up,1.5499999999999545,0.008045784789193083
2025-04-14 08:45:00-04:00,537.54,537.92,535.37,535.52,1678475,568.0264,486.71,544.48,533.94,False,False,False,False,False,False,up,1.5499999999999545,0.008045784789193083
2025-04-14 09:00:00-04:00,535.6,539.23,535.29,536.81,2301425,568.0264,486.71,544.48,533.94,False,False,False,False,False,False,up,1.5499999999999545,0.008045784789193083
2025-04-14 09:15:00-04:00,536.81,538.55,536.01,537.3,1161206,568.0264,486.71,544.48,533.94,False,False,False,False,False,False,up,1.5499999999999545,0.008045784789193083
2025-04-14 09:30:00-04:00,537.26,538.18,536.49,537.04,1120257,568.0264,486.71,544.48,533.94,False,False,False,False,False,False,up,1.5499999999999545,0.008045784789193083
2025-04-14 09:45:00-04:00,537.13,539.45,536.64,538.97,1237544,568.0264,486.71,544.48,533.94,False,False,False,False,False,False,up,1.5499999999999545,0.008045784789193083
2025-04-14 10:00:00-04:00,538.95,539.85,538.81,539.32,1209034,568.0264,486.71,544.48,533.94,False,False,False,False,False,False,up,1.5499999999999545,0.008045784789193083
2025-04-14 10:15:00-04:00,539.3,540.51,538.99,540.38,1221008,568.0264,486.71,544.48,533.94,False,False,False,False,False,False,up,1.5499999999999545,0.008045784789193083
2025-04-14 10:30:00-04:00,540.38,541.31,540.05,541.19,1200749,568.0264,486.71,544.48,533.94,False,False,False,False,False,False,up,1.5499999999999545,0.008045784789193083
2025-04-14 10:45:00-04:00,541.19,541.3,537.09,540.73,1673969,568.0264,486.71,544.48,533.94,False,False,False,False,False,False,up,1.5499999999999545,0.008045784789193083
2025-04-14 11:00:00-04:00,540.77,542.58,540.64,542.3517,2059028,568.0264,486.71,544.48,533.94,False,False,False,False,False,False,up,1.5499999999999545,0.008045784789193083
2025-04-14 11:15:00-04:00,542.36,542.36,541.0163,541.33,1908605,568.0264,486.71,544.48,533.94,False,False,False,False,False,False,up,1.5499999999999545,0.008045784789193083
2025-04-14 11:30:00-04:00,541.32,542.15,540.66,541.65,3205179,568.0264,486.71,544.48,533.94,False,False,False,False,False,False,up,1.5499999999999545,0.008045784789193083
2025-04-14 11:45:00-04:00,541.66,541.8,538.36,538.97,7390962,568.0264,486.71,544.48,533.94,False,False,False,False,False,False,up,1.5499999999999545,0.008045784789193083
2025-04-14 12:00:00-04:00,538.98,539.49,522.12,538.44,5549094,568.0264,486.71,544.48,533.94,False,False,False,False,False,False,up,1.5499999999999545,0.008045784789193083
2025-04-14 12:15:00-04:00,538.44,539.12,533.94,536.47,411582,568.0264,486.71,544.48,533.94,False,False,False,False,False,False,up,1.5499999999999545,0.008045784789193083
2025-04-14 12:30:00-04:00,536.5,539.12,533.94,537.36,250498,568.0264,486.71,544.48,533.94,False,False,False,False,False,False,up,1.5499999999999545,0.008045784789193083
2025-04-14 12:45:00-04:00,537.42,565.6999,504.3676,538.05,79515,568.0264,486.71,544.48,533.94,False,False,False,False,False,False,up,1.5499999999999545,0.008045784789193083
2025-04-14 13:00:00-04:00,538.0,565.8309,510.8893,537.795,310875,568.0264,486.71,544.48,533.94,False,False,False,False,False,False,up,1.5499999999999545,0.008045784789193083
2025-04-14 13:15:00-04:00,537.8,537.97,537.53,537.89,38661,568.0264,486.71,544.48,533.94,False,False,False,False,False,False,up,1.5499999999999545,0.008045784789193083
2025-04-14 13:30:00-04:00,537.89,538.44,537.82,538.39,58848,568.0264,486.71,544.48,533.94,False,False,False,False,False,False,up,1.5499999999999545,0.008045784789193083
2025-04-14 13:45:00-04:00,538.39,538.49,538.14,538.195,42761,568.0264,486.71,544.48,533.94,False,False,False,False,False,False,up,1.5499999999999545,0.008045784789193083
2025-04-14 14:00:00-04:00,538.15,538.24,537.1637,537.4,133654,568.0264,486.71,544.48,533.94,False,False,False,False,False,False,up,1.5499999999999545,0.008045784789193083
2025-04-14 14:15:00-04:00,537.4,537.69,536.63,536.63,70618,568.0264,486.71,544.48,533.94,False,False,False,False,False,False,up,1.5499999999999545,0.008045784789193083
2025-04-14 14:30:00-04:00,539.12,560.72,536.57,537.07,1029512,568.0264,486.71,544.48,533.94,False,False,False,False,False,False,up,1.5499999999999545,0.008045784789193083
2025-04-14 14:45:00-04:00,537.03,537.05,536.16,536.357,12464,568.0264,486.71,544.48,533.94,False,False,False,False,False,False,up,1.5499999999999545,0.008045784789193083
2025-04-14 15:00:00-04:00,536.3,536.92,536.16,536.85,17691,568.0264,486.71,544.48,533.94,False,False,False,False,False,False,up,1.5499999999999545,0.008045784789193083
2025-04-14 15:15:00-04:00,536.76,537.36,536.68,537.2,19174,568.0264,486.71,544.48,533.94,False,False,False,False,False,False,up,1.5499999999999545,0.008045784789193083
2025-04-14 15:30:00-04:00,537.18,537.5,536.41,536.6,25543,568.0264,486.71,544.48,533.94,False,False,False,False,False,False,up,1.5499999999999545,0.008045784789193083
2025-04-14 15:45:00-04:00,536.57,536.9,536.37,536.87,22031,568.0264,486.71,544.48,533.94,False,False,False,False,False,False,up,1.5499999999999545,0.008045784789193083
2025-04-14 16:00:00-04:00,539.12,539.12,539.12,539.12,977671,568.0264,486.71,544.48,533.94,False,False,False,False,False,False,up,1.5499999999999545,0.008045784789193083
2025-04-15 00:00:00-04:00,539.27,540.91,539.27,540.41,33538,565.8309,504.3676,543.23,536.15,False,False,False,False,False,False,down,0.5649999999999409,-0.0002966973872085749
2025-04-15 00:15:00-04:00,540.29,540.74,539.8,539.8,13130,565.8309,504.3676,543.23,536.15,False,False,False,False,False,False,down,0.5649999999999409,-0.0002966973872085749
2025-04-15 00:30:00-04:00,539.99,540.35,539.08,539.94,7777,565.8309,504.3676,543.23,536.15,False,False,False,False,False,False,down,0.5649999999999409,-0.0002966973872085749
2025-04-15 00:45:00-04:00,539.86,540.12,539.54,540.08,17731,565.8309,504.3676,543.23,536.15,False,False,False,False,False,False,down,0.5649999999999409,-0.0002966973872085749
2025-04-15 01:00:00-04:00,539.89,539.97,539.3,539.39,3960,565.8309,504.3676,543.23,536.15,False,False,False,False,False,False,down,0.5649999999999409,-0.0002966973872085749
2025-04-15 01:15:00-04:00,539.41,540.61,539.12,540.51,11450,565.8309,504.3676,543.23,536.15,False,False,False,False,False,False,down,0.5649999999999409,-0.0002966973872085749
2025-04-15 01:30:00-04:00,540.51,540.71,538.91,539.05,13206,565.8309,504.3676,543.23,536.15,False,False,False,False,False,False,down,0.5649999999999409,-0.0002966973872085749
2025-04-15 01:45:00-04:00,539.03,539.36,538.85,539.33,10892,565.8309,504.3676,543.23,536.15,False,False,False,False,False,False,down,0.5649999999999409,-0.0002966973872085749
2025-04-15 02:00:00-04:00,539.27,540.16,539.0,540.04,28552,565.8309,504.3676,543.23,536.15,False,False,False,False,False,False,down,0.5649999999999409,-0.0002966973872085749
2025-04-15 02:15:00-04:00,540.01,540.33,539.8,539.97,11055,565.8309,504.3676,543.23,536.15,False,False,False,False,False,False,down,0.5649999999999409,-0.0002966973872085749
2025-04-15 02:30:00-04:00,540.11,540.26,539.21,539.21,27752,565.8309,504.3676,543.23,536.15,False,False,False,False,False,False,down,0.5649999999999409,-0.0002966973872085749
2025-04-15 02:45:00-04:00,539.2,539.72,538.7,539.68,37084,565.8309,504.3676,543.23,536.15,False,False,False,False,False,False,down,0.5649999999999409,-0.0002966973872085749
2025-04-15 03:00:00-04:00,539.68,540.0,539.06,539.11,23799,565.8309,504.3676,543.23,536.15,False,False,False,False,False,False,down,0.5649999999999409,-0.0002966973872085749
2025-04-15 03:15:00-04:00,539.16,539.89,539.14,539.58,38649,565.8309,504.3676,543.23,536.15,False,False,False,False,False,False,down,0.5649999999999409,-0.0002966973872085749
2025-04-15 03:30:00-04:00,539.59,540.04,538.28,538.34,68332,565.8309,504.3676,543.23,536.15,False,False,False,False,False,False,down,0.5649999999999409,-0.0002966973872085749
2025-04-15 03:45:00-04:00,538.36,538.44,536.81,537.24,101906,565.8309,504.3676,543.23,536.15,False,False,False,False,False,False,down,0.5649999999999409,-0.0002966973872085749
2025-04-15 04:00:00-04:00,540.6335,541.07,536.81,539.12,198525,565.8309,504.3676,543.23,536.15,False,False,False,False,False,False,down,0.5649999999999409,-0.0002966973872085749
2025-04-15 04:15:00-04:00,539.12,539.12,536.15,536.67,370738,565.8309,504.3676,543.23,536.15,False,False,False,False,False,False,down,0.5649999999999409,-0.0002966973872085749
2025-04-15 04:30:00-04:00,536.68,538.09,536.67,538.05,144947,565.8309,504.3676,543.23,536.15,False,False,False,False,False,False,down,0.5649999999999409,-0.0002966973872085749
2025-04-15 04:45:00-04:00,538.0,539.12,537.35,538.18,100116,565.8309,504.3676,543.23,536.15,False,False,False,False,False,False,down,0.5649999999999409,-0.0002966973872085749
2025-04-15 05:00:00-04:00,538.19,539.14,538.19,538.71,171244,565.8309,504.3676,543.23,536.15,False,False,False,False,False,False,down,0.5649999999999409,-0.0002966973872085749
2025-04-15 05:15:00-04:00,538.72,539.68,538.58,539.68,184518,565.8309,504.3676,543.23,536.15,False,False,False,False,False,False,down,0.5649999999999409,-0.0002966973872085749
2025-04-15 05:30:00-04:00,539.675,542.22,539.249,541.7759,3331300,565.8309,504.3676,543.23,536.15,False,False,False,False,False,False,down,0.5649999999999409,-0.0002966973872085749
2025-04-15 05:45:00-04:00,541.8,542.9499,541.01,541.48,2183752,565.8309,504.3676,543.23,536.15,False,False,False,False,False,False,down,0.5649999999999409,-0.0002966973872085749
2025-04-15 06:00:00-04:00,541.52,543.23,541.23,541.74,2013074,565.8309,504.3676,543.23,536.15,False,False,False,False,False,False,down,0.5649999999999409,-0.0002966973872085749
2025-04-15 06:15:00-04:00,541.75,542.56,538.14,539.4,4104250,565.8309,504.3676,543.23,536.15,False,False,False,False,False,False,down,0.5649999999999409,-0.0002966973872085749
2025-04-15 06:30:00-04:00,539.4,541.88,539.3401,541.64,1843594,565.8309,504.3676,543.23,536.15,False,False,False,False,False,False,down,0.5649999999999409,-0.0002966973872085749
2025-04-15 06:45:00-04:00,541.66,541.8,539.08,540.58,2836131,565.8309,504.3676,543.23,536.15,False,False,False,False,False,False,down,0.5649999999999409,-0.0002966973872085749
2025-04-15 07:00:00-04:00,540.5801,541.6339,540.42,541.4871,1301385,565.8309,504.3676,543.23,536.15,False,False,False,False,False,False,down,0.5649999999999409,-0.0002966973872085749
2025-04-15 07:15:00-04:00,541.44,542.03,540.15,540.1701,994301,565.8309,504.3676,543.23,536.15,False,False,False,False,False,False,down,0.5649999999999409,-0.0002966973872085749
2025-04-15 07:30:00-04:00,540.22,541.53,539.77,540.365,1359953,565.8309,504.3676,543.23,536.15,False,False,False,False,False,False,down,0.5649999999999409,-0.0002966973872085749
2025-04-15 07:45:00-04:00,540.32,541.29,539.44,540.9717,1208041,565.8309,504.3676,543.23,536.15,False,False,False,False,False,False,down,0.5649999999999409,-0.0002966973872085749
2025-04-15 08:00:00-04:00,541.0,541.62,540.51,540.909,682114,565.8309,504.3676,543.23,536.15,False,False,False,False,False,False,down,0.5649999999999409,-0.0002966973872085749
2025-04-15 08:15:00-04:00,540.93,541.62,540.3726,540.98,910497,565.8309,504.3676,543.23,536.15,False,False,False,False,False,False,down,0.5649999999999409,-0.0002966973872085749
2025-04-15 08:30:00-04:00,541.0,541.4302,539.97,540.7175,888953,565.8309,504.3676,543.23,536.15,False,False,False,False,False,False,down,0.5649999999999409,-0.0002966973872085749
2025-04-15 08:45:00-04:00,540.7,541.1397,538.48,539.04,1164971,565.8309,504.3676,543.23,536.15,False,False,False,False,False,False,down,0.5649999999999409,-0.0002966973872085749
2025-04-15 09:00:00-04:00,539.01,539.9,538.46,539.3499,1286185,565.8309,504.3676,543.23,536.15,False,False,False,False,False,False,down,0.5649999999999409,-0.0002966973872085749
2025-04-15 09:15:00-04:00,539.34,539.445,537.37,537.76,1275496,565.8309,504.3676,543.23,536.15,False,False,False,False,False,False,down,0.5649999999999409,-0.0002966973872085749
2025-04-15 09:30:00-04:00,537.77,539.2457,537.61,538.814,1215738,565.8309,504.3676,543.23,536.15,False,False,False,False,False,False,down,0.5649999999999409,-0.0002966973872085749
2025-04-15 09:45:00-04:00,538.83,539.05,537.385,538.2867,1426261,565.8309,504.3676,543.23,536.15,False,False,False,False,False,False,down,0.5649999999999409,-0.0002966973872085749
2025-04-15 10:00:00-04:00,538.32,538.775,537.05,537.38,1218216,565.8309,504.3676,543.23,536.15,False,False,False,False,False,False,down,0.5649999999999409,-0.0002966973872085749
2025-04-15 10:15:00-04:00,537.365,538.06,536.81,537.5,1322092,565.8309,504.3676,543.23,536.15,False,False,False,False,False,False,down,0.5649999999999409,-0.0002966973872085749
2025-04-15 10:30:00-04:00,537.44,538.71,537.435,538.66,1356615,565.8309,504.3676,543.23,536.15,False,False,False,False,False,False,down,0.5649999999999409,-0.0002966973872085749
2025-04-15 10:45:00-04:00,538.67,539.21,538.0,538.63,1705841,565.8309,504.3676,543.23,536.15,False,False,False,False,False,False,down,0.5649999999999409,-0.0002966973872085749
2025-04-15 11:00:00-04:00,538.63,539.2,538.02,538.97,3331675,565.8309,504.3676,543.23,536.15,False,False,False,False,False,False,down,0.5649999999999409,-0.0002966973872085749
2025-04-15 11:15:00-04:00,538.98,539.29,537.74,538.3434,1439867,565.8309,504.3676,543.23,536.15,False,False,False,False,False,False,down,0.5649999999999409,-0.0002966973872085749
2025-04-15 11:30:00-04:00,538.36,538.685,537.8,538.13,1797854,565.8309,504.3676,543.23,536.15,False,False,False,False,False,False,down,0.5649999999999409,-0.0002966973872085749
2025-04-15 11:45:00-04:00,538.14,538.73,537.14,537.72,6185478,565.8309,504.3676,543.23,536.15,False,False,False,False,False,False,down,0.5649999999999409,-0.0002966973872085749
2025-04-15 12:00:00-04:00,537.71,543.475,521.79,537.7,6564494,565.8309,504.3676,543.23,536.15,False,False,False,False,False,False,down,0.5649999999999409,-0.0002966973872085749
2025-04-15 12:15:00-04:00,537.68,538.8024,537.12,537.175,784984,565.8309,504.3676,543.23,536.15,False,False,False,False,False,False,down,0.5649999999999409,-0.0002966973872085749
2025-04-15 12:30:00-04:00,537.21,538.8024,536.99,537.48,244914,565.8309,504.3676,543.23,536.15,False,False,False,False,False,False,down,0.5649999999999409,-0.0002966973872085749
2025-04-15 12:45:00-04:00,537.48,564.0304,509.4951,537.42,107260,565.8309,504.3676,543.23,536.15,False,False,False,False,False,False,down,0.5649999999999409,-0.0002966973872085749
2025-04-15 13:00:00-04:00,537.4,555.6528,509.5365,538.155,652806,565.8309,504.3676,543.23,536.15,False,False,False,False,False,False,down,0.5649999999999409,-0.0002966973872085749
2025-04-15 13:15:00-04:00,538.16,538.2,537.5,537.66,76439,565.8309,504.3676,543.23,536.15,False,False,False,False,False,False,down,0.5649999999999409,-0.0002966973872085749
2025-04-15 13:30:00-04:00,537.65,537.66,536.04,536.16,89782,565.8309,504.3676,543.23,536.15,False,False,False,False,False,False,down,0.5649999999999409,-0.0002966973872085749
2025-04-15 13:45:00-04:00,536.1892,536.355,535.05,535.1501,72817,565.8309,504.3676,543.23,536.15,False,False,False,False,False,False,down,0.5649999999999409,-0.0002966973872085749
2025-04-15 14:00:00-04:00,535.15,535.15,532.39,533.6,245913,565.8309,504.3676,543.23,536.15,False,False,False,False,False,False,down,0.5649999999999409,-0.0002966973872085749
2025-04-15 14:15:00-04:00,533.6,534.34,533.1,534.1,75781,565.8309,504.3676,543.23,536.15,False,False,False,False,False,False,down,0.5649999999999409,-0.0002966973872085749
2025-04-15 14:30:00-04:00,537.61,537.61,533.7,534.05,1119479,565.8309,504.3676,543.23,536.15,False,False,False,False,False,False,down,0.5649999999999409,-0.0002966973872085749
2025-04-15 14:45:00-04:00,534.04,534.09,533.51,533.92,32024,565.8309,504.3676,543.23,536.15,False,False,False,False,False,False,down,0.5649999999999409,-0.0002966973872085749
2025-04-15 15:00:00-04:00,533.9,534.105,533.1341,533.49,38058,565.8309,504.3676,543.23,536.15,False,False,False,False,False,False,down,0.5649999999999409,-0.0002966973872085749
2025-04-15 15:15:00-04:00,533.465,533.6,533.14,533.51,15890,565.8309,504.3676,543.23,536.15,False,False,False,False,False,False,down,0.5649999999999409,-0.0002966973872085749
2025-04-15 15:30:00-04:00,533.47,533.6,532.8,533.345,32686,565.8309,504.3676,543.23,536.15,False,False,False,False,False,False,down,0.5649999999999409,-0.0002966973872085749
2025-04-15 15:45:00-04:00,533.325,533.62,533.0101,533.58,34150,565.8309,504.3676,543.23,536.15,False,False,False,False,False,False,down,0.5649999999999409,-0.0002966973872085749
2025-04-15 16:00:00-04:00,537.61,537.61,537.61,537.61,1083483,565.8309,504.3676,543.23,536.15,False,False,False,False,False,False,down,0.5649999999999409,-0.0002966973872085749
2025-04-16 00:00:00-04:00,530.84,530.84,529.29,529.71,29763,564.0304,509.4951,559.945,529.04,False,False,False,False,False,False,up,-1.8700000000000045,0.005105116419259895
2025-04-16 00:15:00-04:00,529.71,535.13,529.55,532.98,67647,564.0304,509.4951,559.945,529.04,False,False,False,False,False,False,up,-1.8700000000000045,0.005105116419259895
2025-04-16 00:30:00-04:00,533.23,537.46,533.23,536.36,88265,564.0304,509.4951,559.945,529.04,False,False,False,False,False,False,up,-1.8700000000000045,0.005105116419259895
2025-04-16 00:45:00-04:00,536.35,536.35,533.6,533.86,98840,564.0304,509.4951,559.945,529.04,False,False,False,False,False,False,up,-1.8700000000000045,0.005105116419259895
2025-04-16 01:00:00-04:00,533.99,534.42,533.42,534.15,28657,564.0304,509.4951,559.945,529.04,False,False,False,False,False,False,up,-1.8700000000000045,0.005105116419259895
2025-04-16 01:15:00-04:00,533.92,535.3,533.9,534.69,36391,564.0304,509.4951,559.945,529.04,False,False,False,False,False,False,up,-1.8700000000000045,0.005105116419259895
2025-04-16 01:30:00-04:00,534.65,535.02,534.15,534.43,26201,564.0304,509.4951,559.945,529.04,False,False,False,False,False,False,up,-1.8700000000000045,0.005105116419259895
2025-04-16 01:45:00-04:00,534.35,534.57,533.24,533.25,63679,564.0304,509.4951,559.945,529.04,False,False,False,False,False,False,up,-1.8700000000000045,0.005105116419259895
2025-04-16 02:00:00-04:00,533.37,534.59,533.2,533.74,15019,564.0304,509.4951,559.945,529.04,False,False,False,False,False,False,up,-1.8700000000000045,0.005105116419259895
2025-04-16 02:15:00-04:00,533.79,534.5,533.61,533.91,18856,564.0304,509.4951,559.945,529.04,False,False,False,False,False,False,up,-1.8700000000000045,0.005105116419259895
2025-04-16 02:30:00-04:00,533.98,533.98,533.1,533.63,27918,564.0304,509.4951,559.945,529.04,False,False,False,False,False,False,up,-1.8700000000000045,0.005105116419259895
2025-04-16 02:45:00-04:00,533.75,533.96,533.48,533.72,44880,564.0304,509.4951,559.945,529.04,False,False,False,False,False,False,up,-1.8700000000000045,0.005105116419259895
2025-04-16 03:00:00-04:00,533.71,534.0,532.93,533.55,111458,564.0304,509.4951,559.945,529.04,False,False,False,False,False,False,up,-1.8700000000000045,0.005105116419259895
2025-04-16 03:15:00-04:00,533.59,533.85,533.21,533.6,78833,564.0304,509.4951,559.945,529.04,False,False,False,False,False,False,up,-1.8700000000000045,0.005105116419259895
2025-04-16 03:30:00-04:00,533.68,534.33,533.4,534.15,56023,564.0304,509.4951,559.945,529.04,False,False,False,False,False,False,up,-1.8700000000000045,0.005105116419259895
2025-04-16 03:45:00-04:00,534.17,534.66,533.4,533.72,73290,564.0304,509.4951,559.945,529.04,False,False,False,False,False,False,up,-1.8700000000000045,0.005105116419259895
2025-04-16 04:00:00-04:00,529.5975,537.61,529.04,533.6,158104,564.0304,509.4951,559.945,529.04,False,False,False,False,False,False,up,-1.8700000000000045,0.005105116419259895
2025-04-16 04:15:00-04:00,533.6087,534.09,533.5,533.7,27971,564.0304,509.4951,559.945,529.04,False,False,False,False,False,False,up,-1.8700000000000045,0.005105116419259895
2025-04-16 04:30:00-04:00,533.8,534.2097,532.695,532.905,119475,564.0304,509.4951,559.945,529.04,False,False,False,False,False,False,up,-1.8700000000000045,0.005105116419259895
2025-04-16 04:45:00-04:00,532.9,537.61,532.36,532.62,137163,564.0304,509.4951,559.945,529.04,False,False,False,False,False,False,up,-1.8700000000000045,0.005105116419259895
2025-04-16 05:00:00-04:00,532.5,559.945,531.62,532.14,188213,564.0304,509.4951,559.945,529.04,False,False,False,False,False,False,up,-1.8700000000000045,0.005105116419259895
2025-04-16 05:15:00-04:00,532.13,532.4,531.35,531.63,273190,564.0304,509.4951,559.945,529.04,False,False,False,False,False,False,up,-1.8700000000000045,0.005105116419259895
2025-04-16 05:30:00-04:00,531.68,533.86,531.57,532.53,3571491,564.0304,509.4951,559.945,529.04,False,False,False,False,False,False,up,-1.8700000000000045,0.005105116419259895
2025-04-16 05:45:00-04:00,532.59,532.75,529.92,529.92,3034839,564.0304,509.4951,559.945,529.04,False,False,False,False,False,False,up,-1.8700000000000045,0.005105116419259895
2025-04-16 06:00:00-04:00,529.9,531.5602,529.65,530.15,1929971,564.0304,509.4951,559.945,529.04,False,False,False,False,False,False,up,-1.8700000000000045,0.005105116419259895
2025-04-16 06:15:00-04:00,530.185,532.21,529.97,531.77,1674277,564.0304,509.4951,559.945,529.04,False,False,False,False,False,False,up,-1.8700000000000045,0.005105116419259895
2025-04-16 06:30:00-04:00,531.76,532.96,531.305,532.74,1518436,564.0304,509.4951,559.945,529.04,False,False,False,False,False,False,up,-1.8700000000000045,0.005105116419259895
2025-04-16 06:45:00-04:00,532.72,532.75,531.54,532.27,1177923,564.0304,509.4951,559.945,529.04,False,False,False,False,False,False,up,-1.8700000000000045,0.005105116419259895
2025-04-16 07:00:00-04:00,532.29,533.08,531.7058,532.69,2475519,564.0304,509.4951,559.945,529.04,False,False,False,False,False,False,up,-1.8700000000000045,0.005105116419259895
2025-04-16 07:15:00-04:00,532.73,535.11,531.89,534.64,1830417,564.0304,509.4951,559.945,529.04,False,False,False,False,False,False,up,-1.8700000000000045,0.005105116419259895
2025-04-16 07:30:00-04:00,534.66,534.73,533.1,533.27,1313256,564.0304,509.4951,559.945,529.04,False,False,False,False,False,False,up,-1.8700000000000045,0.005105116419259895
2025-04-16 07:45:00-04:00,533.28,533.4399,531.38,531.71,2451239,564.0304,509.4951,559.945,529.04,False,False,False,False,False,False,up,-1.8700000000000045,0.005105116419259895
2025-04-16 08:00:00-04:00,531.73,531.87,530.765,531.49,1574340,564.0304,509.4951,559.945,529.04,False,False,False,False,False,False,up,-1.8700000000000045,0.005105116419259895
2025-04-16 08:15:00-04:00,531.5,531.8,530.9301,531.505,825592,564.0304,509.4951,559.945,529.04,False,False,False,False,False,False,up,-1.8700000000000045,0.005105116419259895
2025-04-16 08:30:00-04:00,531.5,532.12,530.53,531.49,2054268,564.0304,509.4951,559.945,529.04,False,False,False,False,False,False,up,-1.8700000000000045,0.005105116419259895
2025-04-16 08:45:00-04:00,531.49,531.58,530.6747,530.89,1062045,564.0304,509.4951,559.945,529.04,False,False,False,False,False,False,up,-1.8700000000000045,0.005105116419259895
2025-04-16 09:00:00-04:00,530.93,531.32,530.22,530.54,1082000,564.0304,509.4951,559.945,529.04,False,False,False,False,False,False,up,-1.8700000000000045,0.005105116419259895
2025-04-16 09:15:00-04:00,530.58,531.71,530.545,531.5295,894044,564.0304,509.4951,559.945,529.04,False,False,False,False,False,False,up,-1.8700000000000045,0.005105116419259895
2025-04-16 09:30:00-04:00,531.55,531.62,526.74,527.265,3782764,564.0304,509.4951,559.945,529.04,False,False,False,False,False,False,up,-1.8700000000000045,0.005105116419259895
2025-04-16 09:45:00-04:00,527.25,527.25,523.94,524.1,4205341,564.0304,509.4951,559.945,529.04,False,False,False,False,False,False,up,-1.8700000000000045,0.005105116419259895
2025-04-16 10:00:00-04:00,524.1,526.32,524.065,526.085,3012413,564.0304,509.4951,559.945,529.04,False,False,False,False,False,False,up,-1.8700000000000045,0.005105116419259895
2025-04-16 10:15:00-04:00,526.11,526.8398,524.69,526.0,2272129,564.0304,509.4951,559.945,529.04,False,False,False,False,False,False,up,-1.8700000000000045,0.005105116419259895
2025-04-16 10:30:00-04:00,526.0,537.8854,523.65,523.9499,2681080,564.0304,509.4951,559.945,529.04,False,False,False,False,False,False,up,-1.8700000000000045,0.005105116419259895
2025-04-16 10:45:00-04:00,523.93,524.3,522.71,522.84,2003937,564.0304,509.4951,559.945,529.04,False,False,False,False,False,False,up,-1.8700000000000045,0.005105116419259895
2025-04-16 11:00:00-04:00,522.83,523.29,520.84,521.98,3709255,564.0304,509.4951,559.945,529.04,False,False,False,False,False,False,up,-1.8700000000000045,0.005105116419259895
2025-04-16 11:15:00-04:00,521.995,522.35,520.29,520.665,3080149,564.0304,509.4951,559.945,529.04,False,False,False,False,False,False,up,-1.8700000000000045,0.005105116419259895
2025-04-16 11:30:00-04:00,520.69,523.0,520.69,522.46,4306708,564.0304,509.4951,559.945,529.04,False,False,False,False,False,False,up,-1.8700000000000045,0.005105116419259895
2025-04-16 11:45:00-04:00,522.45,526.17,522.11,525.73,9592828,564.0304,509.4951,559.945,529.04,False,False,False,False,False,False,up,-1.8700000000000045,0.005105116419259895
2025-04-16 12:00:00-04:00,525.73,537.8854,522.0,526.641,15308407,564.0304,509.4951,559.945,529.04,False,False,False,False,False,False,up,-1.8700000000000045,0.005105116419259895
2025-04-16 12:15:00-04:00,526.72,526.77,525.66,526.275,655744,564.0304,509.4951,559.945,529.04,False,False,False,False,False,False,up,-1.8700000000000045,0.005105116419259895
2025-04-16 12:30:00-04:00,526.27,554.1858,489.9109,525.77,372151,564.0304,509.4951,559.945,529.04,False,False,False,False,False,False,up,-1.8700000000000045,0.005105116419259895
2025-04-16 12:45:00-04:00,525.8,554.94,489.1729,525.1388,401510,564.0304,509.4951,559.945,529.04,False,False,False,False,False,False,up,-1.8700000000000045,0.005105116419259895
2025-04-16 13:00:00-04:00,525.21,525.66,524.86,525.4504,619569,564.0304,509.4951,559.945,529.04,False,False,False,False,False,False,up,-1.8700000000000045,0.005105116419259895
2025-04-16 13:15:00-04:00,525.47,525.85,525.3,525.85,69767,564.0304,509.4951,559.945,529.04,False,False,False,False,False,False,up,-1.8700000000000045,0.005105116419259895
2025-04-16 13:30:00-04:00,525.81,526.25,525.66,525.93,120582,564.0304,509.4951,559.945,529.04,False,False,False,False,False,False,up,-1.8700000000000045,0.005105116419259895
2025-04-16 13:45:00-04:00,525.98,526.6,525.74,526.0,98927,564.0304,509.4951,559.945,529.04,False,False,False,False,False,False,up,-1.8700000000000045,0.005105116419259895
2025-04-16 14:00:00-04:00,526.0,526.4,525.56,525.6004,122268,564.0304,509.4951,559.945,529.04,False,False,False,False,False,False,up,-1.8700000000000045,0.005105116419259895
2025-04-16 14:15:00-04:00,525.6001,525.99,525.2,525.9588,161818,564.0304,509.4951,559.945,529.04,False,False,False,False,False,False,up,-1.8700000000000045,0.005105116419259895
2025-04-16 14:30:00-04:00,525.66,526.2087,525.62,526.195,1827651,564.0304,509.4951,559.945,529.04,False,False,False,False,False,False,up,-1.8700000000000045,0.005105116419259895
2025-04-16 14:45:00-04:00,526.1981,526.32,525.66,525.955,16377,564.0304,509.4951,559.945,529.04,False,False,False,False,False,False,up,-1.8700000000000045,0.005105116419259895
2025-04-16 15:00:00-04:00,526.01,526.19,524.9216,525.57,33072,564.0304,509.4951,559.945,529.04,False,False,False,False,False,False,up,-1.8700000000000045,0.005105116419259895
2025-04-16 15:15:00-04:00,525.53,526.3,525.4915,526.14,28594,564.0304,509.4951,559.945,529.04,False,False,False,False,False,False,up,-1.8700000000000045,0.005105116419259895
2025-04-16 15:30:00-04:00,526.13,526.13,524.6,525.92,34056,564.0304,509.4951,559.945,529.04,False,False,False,False,False,False,up,-1.8700000000000045,0.005105116419259895
2025-04-16 15:45:00-04:00,525.95,526.25,525.57,525.95,25302,564.0304,509.4951,559.945,529.04,False,False,False,False,False,False,up,-1.8700000000000045,0.005105116419259895
2025-04-16 16:00:00-04:00,525.66,525.66,525.66,525.66,1724730,564.0304,509.4951,559.945,529.04,False,False,False,False,False,False,up,-1.8700000000000045,0.005105116419259895
2025-04-17 00:00:00-04:00,530.77,531.57,530.77,531.21,21269,559.945,489.1729,532.31,523.91,False,False,False,False,False,False,down,0.2899999999999636,-0.006443468922508731
2025-04-17 00:15:00-04:00,531.26,531.5,530.91,531.43,9411,559.945,489.1729,532.31,523.91,False,False,False,False,False,False,down,0.2899999999999636,-0.006443468922508731
2025-04-17 00:30:00-04:00,531.34,531.55,530.41,530.45,5551,559.945,489.1729,532.31,523.91,False,False,False,False,False,False,down,0.2899999999999636,-0.006443468922508731
2025-04-17 00:45:00-04:00,530.47,530.7,529.84,529.93,29742,559.945,489.1729,532.31,523.91,False,False,False,False,False,False,down,0.2899999999999636,-0.006443468922508731
2025-04-17 01:00:00-04:00,529.88,530.57,529.59,530.36,13982,559.945,489.1729,532.31,523.91,False,False,False,False,False,False,down,0.2899999999999636,-0.006443468922508731
2025-04-17 01:15:00-04:00,530.41,531.16,530.22,530.75,13921,559.945,489.1729,532.31,523.91,False,False,False,False,False,False,down,0.2899999999999636,-0.006443468922508731
2025-04-17 01:30:00-04:00,530.8,531.11,530.51,530.7,4528,559.945,489.1729,532.31,523.91,False,False,False,False,False,False,down,0.2899999999999636,-0.006443468922508731
2025-04-17 01:45:00-04:00,530.66,530.7,530.14,530.37,10676,559.945,489.1729,532.31,523.91,False,False,False,False,False,False,down,0.2899999999999636,-0.006443468922508731
2025-04-17 02:00:00-04:00,530.48,530.49,528.61,528.99,53837,559.945,489.1729,532.31,523.91,False,False,False,False,False,False,down,0.2899999999999636,-0.006443468922508731
2025-04-17 02:15:00-04:00,529.07,529.27,528.34,528.89,82724,559.945,489.1729,532.31,523.91,False,False,False,False,False,False,down,0.2899999999999636,-0.006443468922508731
2025-04-17 02:30:00-04:00,528.9,529.11,527.68,527.88,32840,559.945,489.1729,532.31,523.91,False,False,False,False,False,False,down,0.2899999999999636,-0.006443468922508731
2025-04-17 02:45:00-04:00,527.98,528.85,527.81,528.33,95080,559.945,489.1729,532.31,523.91,False,False,False,False,False,False,down,0.2899999999999636,-0.006443468922508731
2025-04-17 03:00:00-04:00,528.35,528.8,527.35,527.35,55528,559.945,489.1729,532.31,523.91,False,False,False,False,False,False,down,0.2899999999999636,-0.006443468922508731
2025-04-17 03:15:00-04:00,527.39,528.4,527.19,528.3,68261,559.945,489.1729,532.31,523.91,False,False,False,False,False,False,down,0.2899999999999636,-0.006443468922508731
2025-04-17 03:30:00-04:00,528.34,528.58,527.43,527.96,78144,559.945,489.1729,532.31,523.91,False,False,False,False,False,False,down,0.2899999999999636,-0.006443468922508731
2025-04-17 03:45:00-04:00,527.92,528.49,527.8,528.25,23005,559.945,489.1729,532.31,523.91,False,False,False,False,False,False,down,0.2899999999999636,-0.006443468922508731
2025-04-17 04:00:00-04:00,531.5415,532.31,525.66,528.51,621073,559.945,489.1729,532.31,523.91,False,False,False,False,False,False,down,0.2899999999999636,-0.006443468922508731
2025-04-17 04:15:00-04:00,528.51,528.98,528.34,528.4,54093,559.945,489.1729,532.31,523.91,False,False,False,False,False,False,down,0.2899999999999636,-0.006443468922508731
2025-04-17 04:30:00-04:00,528.4,530.04,525.66,528.85,135643,559.945,489.1729,532.31,523.91,False,False,False,False,False,False,down,0.2899999999999636,-0.006443468922508731
2025-04-17 04:45:00-04:00,528.86,529.505,525.66,528.78,86432,559.945,489.1729,532.31,523.91,False,False,False,False,False,False,down,0.2899999999999636,-0.006443468922508731
2025-04-17 05:00:00-04:00,528.73,528.8,527.06,527.935,281194,559.945,489.1729,532.31,523.91,False,False,False,False,False,False,down,0.2899999999999636,-0.006443468922508731
2025-04-17 05:15:00-04:00,527.96,529.16,527.4,527.65,366997,559.945,489.1729,532.31,523.91,False,False,False,False,False,False,down,0.2899999999999636,-0.006443468922508731
2025-04-17 05:30:00-04:00,527.64,528.49,526.36,527.49,3810129,559.945,489.1729,532.31,523.91,False,False,False,False,False,False,down,0.2899999999999636,-0.006443468922508731
2025-04-17 05:45:00-04:00,527.51,529.31,526.53,528.74,3244681,559.945,489.1729,532.31,523.91,False,False,False,False,False,False,down,0.2899999999999636,-0.006443468922508731
2025-04-17 06:00:00-04:00,528.68,529.15,527.02,527.41,2265150,559.945,489.1729,532.31,523.91,False,False,False,False,False,False,down,0.2899999999999636,-0.006443468922508731
2025-04-17 06:15:00-04:00,527.38,527.67,525.1601,525.28,1960424,559.945,489.1729,532.31,523.91,False,False,False,False,False,False,down,0.2899999999999636,-0.006443468922508731
2025-04-17 06:30:00-04:00,525.28,525.9,523.91,525.75,3265762,559.945,489.1729,532.31,523.91,False,False,False,False,False,False,down,0.2899999999999636,-0.006443468922508731
2025-04-17 06:45:00-04:00,525.76,526.2586,525.03,525.08,2584667,559.945,489.1729,532.31,523.91,False,False,False,False,False,False,down,0.2899999999999636,-0.006443468922508731
2025-04-17 07:00:00-04:00,525.09,528.31,525.025,528.2648,2352493,559.945,489.1729,532.31,523.91,False,False,False,False,False,False,down,0.2899999999999636,-0.006443468922508731
2025-04-17 07:15:00-04:00,528.25,528.85,526.5,526.71,6126238,559.945,489.1729,532.31,523.91,False,False,False,False,False,False,down,0.2899999999999636,-0.006443468922508731
2025-04-17 07:30:00-04:00,526.71,528.6,526.6,527.1,977022,559.945,489.1729,532.31,523.91,False,False,False,False,False,False,down,0.2899999999999636,-0.006443468922508731
2025-04-17 07:45:00-04:00,527.12,528.03,526.48,526.76,1043362,559.945,489.1729,532.31,523.91,False,False,False,False,False,False,down,0.2899999999999636,-0.006443468922508731
2025-04-17 08:00:00-04:00,526.76,528.92,526.22,527.91,4255041,559.945,489.1729,532.31,523.91,False,False,False,False,False,False,down,0.2899999999999636,-0.006443468922508731
2025-04-17 08:15:00-04:00,527.98,529.87,527.32,529.45,2198343,559.945,489.1729,532.31,523.91,False,False,False,False,False,False,down,0.2899999999999636,-0.006443468922508731
2025-04-17 08:30:00-04:00,529.45,530.26,527.85,528.125,2150633,559.945,489.1729,532.31,523.91,False,False,False,False,False,False,down,0.2899999999999636,-0.006443468922508731
2025-04-17 08:45:00-04:00,528.13,530.41,527.77,529.9105,1281614,559.945,489.1729,532.31,523.91,False,False,False,False,False,False,down,0.2899999999999636,-0.006443468922508731
2025-04-17 09:00:00-04:00,529.92,530.3386,528.6203,528.78,994497,559.945,489.1729,532.31,523.91,False,False,False,False,False,False,down,0.2899999999999636,-0.006443468922508731
2025-04-17 09:15:00-04:00,528.8,529.01,527.61,527.68,905886,559.945,489.1729,532.31,523.91,False,False,False,False,False,False,down,0.2899999999999636,-0.006443468922508731
2025-04-17 09:30:00-04:00,527.69,530.04,527.67,528.47,1895686,559.945,489.1729,532.31,523.91,False,False,False,False,False,False,down,0.2899999999999636,-0.006443468922508731
2025-04-17 09:45:00-04:00,528.44,530.3285,528.39,529.57,1820329,559.945,489.1729,532.31,523.91,False,False,False,False,False,False,down,0.2899999999999636,-0.006443468922508731
2025-04-17 10:00:00-04:00,529.5796,530.93,529.36,529.98,1964137,559.945,489.1729,532.31,523.91,False,False,False,False,False,False,down,0.2899999999999636,-0.006443468922508731
2025-04-17 10:15:00-04:00,530.0,531.165,529.81,530.02,2948204,559.945,489.1729,532.31,523.91,False,False,False,False,False,False,down,0.2899999999999636,-0.006443468922508731
2025-04-17 10:30:00-04:00,530.02,530.92,530.0,530.3185,1032814,559.945,489.1729,532.31,523.91,False,False,False,False,False,False,down,0.2899999999999636,-0.006443468922508731
2025-04-17 10:45:00-04:00,530.31,530.77,528.52,528.52,2832758,559.945,489.1729,532.31,523.91,False,False,False,False,False,False,down,0.2899999999999636,-0.006443468922508731
2025-04-17 11:00:00-04:00,528.54,528.8,526.97,527.32,2004156,559.945,489.1729,532.31,523.91,False,False,False,False,False,False,down,0.2899999999999636,-0.006443468922508731
2025-04-17 11:15:00-04:00,527.31,528.12,526.63,527.31,2100326,559.945,489.1729,532.31,523.91,False,False,False,False,False,False,down,0.2899999999999636,-0.006443468922508731
2025-04-17 11:30:00-04:00,527.36,528.51,527.11,527.76,4213385,559.945,489.1729,532.31,523.91,False,False,False,False,False,False,down,0.2899999999999636,-0.006443468922508731
2025-04-17 11:45:00-04:00,527.82,527.97,525.71,526.39,7614931,559.945,489.1729,532.31,523.91,False,False,False,False,False,False,down,0.2899999999999636,-0.006443468922508731
2025-04-17 12:00:00-04:00,526.37,528.13,525.8447,527.8,9788120,559.945,489.1729,532.31,523.91,False,False,False,False,False,False,down,0.2899999999999636,-0.006443468922508731
2025-04-17 12:15:00-04:00,527.8,528.03,525.8447,526.82,2615837,559.945,489.1729,532.31,523.91,False,False,False,False,False,False,down,0.2899999999999636,-0.006443468922508731
2025-04-17 12:30:00-04:00,526.83,527.38,525.8447,527.26,920699,559.945,489.1729,532.31,523.91,False,False,False,False,False,False,down,0.2899999999999636,-0.006443468922508731
2025-04-17 12:45:00-04:00,527.28,528.37,527.23,527.79,428067,559.945,489.1729,532.31,523.91,False,False,False,False,False,False,down,0.2899999999999636,-0.006443468922508731
2025-04-17 13:00:00-04:00,527.9,528.04,519.8712,527.7381,400480,559.945,489.1729,532.31,523.91,False,False,False,False,False,False,down,0.2899999999999636,-0.006443468922508731
2025-04-17 13:15:00-04:00,527.6,527.74,519.8712,527.245,40761,559.945,489.1729,532.31,523.91,False,False,False,False,False,False,down,0.2899999999999636,-0.006443468922508731
2025-04-17 13:30:00-04:00,527.22,527.4,526.85,526.935,30461,559.945,489.1729,532.31,523.91,False,False,False,False,False,False,down,0.2899999999999636,-0.006443468922508731
2025-04-17 13:45:00-04:00,527.0,545.11,526.65,526.69,38224,559.945,489.1729,532.31,523.91,False,False,False,False,False,False,down,0.2899999999999636,-0.006443468922508731
2025-04-17 14:00:00-04:00,526.685,526.89,526.5413,526.66,388059,559.945,489.1729,532.31,523.91,False,False,False,False,False,False,down,0.2899999999999636,-0.006443468922508731
2025-04-17 14:15:00-04:00,526.65,526.8,526.4501,526.56,20322,559.945,489.1729,532.31,523.91,False,False,False,False,False,False,down,0.2899999999999636,-0.006443468922508731
2025-04-17 14:30:00-04:00,526.41,526.62,526.4,526.485,1955058,559.945,489.1729,532.31,523.91,False,False,False,False,False,False,down,0.2899999999999636,-0.006443468922508731
2025-04-17 14:45:00-04:00,526.5591,526.71,526.41,526.68,31615,559.945,489.1729,532.31,523.91,False,False,False,False,False,False,down,0.2899999999999636,-0.006443468922508731
2025-04-17 15:00:00-04:00,526.66,526.93,526.64,526.9,15160,559.945,489.1729,532.31,523.91,False,False,False,False,False,False,down,0.2899999999999636,-0.006443468922508731
2025-04-17 15:15:00-04:00,526.92,527.13,526.9,527.13,15349,559.945,489.1729,532.31,523.91,False,False,False,False,False,False,down,0.2899999999999636,-0.006443468922508731
2025-04-17 15:30:00-04:00,527.13,527.25,526.76,527.25,11645,559.945,489.1729,532.31,523.91,False,False,False,False,False,False,down,0.2899999999999636,-0.006443468922508731
2025-04-17 15:45:00-04:00,527.2,527.25,527.0,527.2,12849,559.945,489.1729,532.31,523.91,False,False,False,False,False,False,down,0.2899999999999636,-0.006443468922508731
2025-04-17 16:00:00-04:00,526.41,526.41,526.41,526.41,1934911,559.945,489.1729,532.31,523.91,False,False,False,False,False,False,down,0.2899999999999636,-0.006443468922508731
2025-04-21 00:00:00-04:00,524.3,524.3,520.67,521.09,27422,545.11,519.8712,532.01,513.72,False,False,False,False,False,False,down,-0.5500000000000682,-0.004939919893190765
2025-04-21 00:15:00-04:00,521.03,521.39,520.89,521.28,6554,545.11,519.8712,532.01,513.72,False,False,False,False,False,False,down,-0.5500000000000682,-0.004939919893190765
2025-04-21 00:30:00-04:00,521.28,521.59,521.19,521.33,10645,545.11,519.8712,532.01,513.72,False,False,False,False,False,False,down,-0.5500000000000682,-0.004939919893190765
2025-04-21 00:45:00-04:00,521.31,521.37,520.91,521.3,15656,545.11,519.8712,532.01,513.72,False,False,False,False,False,False,down,-0.5500000000000682,-0.004939919893190765
2025-04-21 01:00:00-04:00,521.3,521.46,520.56,520.8,16261,545.11,519.8712,532.01,513.72,False,False,False,False,False,False,down,-0.5500000000000682,-0.004939919893190765
2025-04-21 01:15:00-04:00,520.79,521.25,520.48,521.03,13692,545.11,519.8712,532.01,513.72,False,False,False,False,False,False,down,-0.5500000000000682,-0.004939919893190765
2025-04-21 01:30:00-04:00,521.02,521.1,520.59,520.65,3678,545.11,519.8712,532.01,513.72,False,False,False,False,False,False,down,-0.5500000000000682,-0.004939919893190765
2025-04-21 01:45:00-04:00,520.57,521.24,520.55,521.09,6169,545.11,519.8712,532.01,513.72,False,False,False,False,False,False,down,-0.5500000000000682,-0.004939919893190765
2025-04-21 02:00:00-04:00,521.18,521.56,521.12,521.4,26470,545.11,519.8712,532.01,513.72,False,False,False,False,False,False,down,-0.5500000000000682,-0.004939919893190765
2025-04-21 02:15:00-04:00,521.39,521.39,520.73,520.85,5561,545.11,519.8712,532.01,513.72,False,False,False,False,False,False,down,-0.5500000000000682,-0.004939919893190765
2025-04-21 02:30:00-04:00,520.8,521.2,520.7,521.15,19916,545.11,519.8712,532.01,513.72,False,False,False,False,False,False,down,-0.5500000000000682,-0.004939919893190765
2025-04-21 02:45:00-04:00,521.25,521.78,521.17,521.65,7526,545.11,519.8712,532.01,513.72,False,False,False,False,False,False,down,-0.5500000000000682,-0.004939919893190765
2025-04-21 03:00:00-04:00,521.69,522.45,521.6,521.71,84185,545.11,519.8712,532.01,513.72,False,False,False,False,False,False,down,-0.5500000000000682,-0.004939919893190765
2025-04-21 03:15:00-04:00,521.71,521.71,519.36,520.11,130948,545.11,519.8712,532.01,513.72,False,False,False,False,False,False,down,-0.5500000000000682,-0.004939919893190765
2025-04-21 03:30:00-04:00,520.16,520.25,519.55,519.73,54498,545.11,519.8712,532.01,513.72,False,False,False,False,False,False,down,-0.5500000000000682,-0.004939919893190765
2025-04-21 03:45:00-04:00,519.74,520.05,519.25,520.0,141699,545.11,519.8712,532.01,513.72,False,False,False,False,False,False,down,-0.5500000000000682,-0.004939919893190765
2025-04-21 04:00:00-04:00,520.9675,526.41,519.3,520.46,250139,545.11,519.8712,532.01,513.72,False,False,False,False,False,False,down,-0.5500000000000682,-0.004939919893190765
2025-04-21 04:15:00-04:00,520.41,521.06,520.18,520.96,55750,545.11,519.8712,532.01,513.72,False,False,False,False,False,False,down,-0.5500000000000682,-0.004939919893190765
2025-04-21 04:30:00-04:00,520.98,521.51,520.7,521.07,90808,545.11,519.8712,532.01,513.72,False,False,False,False,False,False,down,-0.5500000000000682,-0.004939919893190765
2025-04-21 04:45:00-04:00,521.13,526.41,520.81,520.95,57401,545.11,519.8712,532.01,513.72,False,False,False,False,False,False,down,-0.5500000000000682,-0.004939919893190765
2025-04-21 05:00:00-04:00,520.94,532.01,520.4,520.52,96526,545.11,519.8712,532.01,513.72,False,False,False,False,False,False,down,-0.5500000000000682,-0.004939919893190765
2025-04-21 05:15:00-04:00,520.48,521.18,520.45,521.17,78417,545.11,519.8712,532.01,513.72,False,False,False,False,False,False,down,-0.5500000000000682,-0.004939919893190765
2025-04-21 05:30:00-04:00,521.16,521.7,519.0,519.52,2773225,545.11,519.8712,532.01,513.72,False,False,False,False,False,False,down,-0.5500000000000682,-0.004939919893190765
2025-04-21 05:45:00-04:00,519.48,519.99,517.52,517.56,2071632,545.11,519.8712,532.01,513.72,False,False,False,False,False,False,down,-0.5500000000000682,-0.004939919893190765
2025-04-21 06:00:00-04:00,517.51,517.51,516.26,516.71,2251009,545.11,519.8712,532.01,513.72,False,False,False,False,False,False,down,-0.5500000000000682,-0.004939919893190765
2025-04-21 06:15:00-04:00,516.69,516.84,515.19,515.63,1847432,545.11,519.8712,532.01,513.72,False,False,False,False,False,False,down,-0.5500000000000682,-0.004939919893190765
2025-04-21 06:30:00-04:00,515.64,516.86,515.09,515.36,2053427,545.11,519.8712,532.01,513.72,False,False,False,False,False,False,down,-0.5500000000000682,-0.004939919893190765
2025-04-21 06:45:00-04:00,515.39,516.0,514.389,514.6,1945321,545.11,519.8712,532.01,513.72,False,False,False,False,False,False,down,-0.5500000000000682,-0.004939919893190765
2025-04-21 07:00:00-04:00,514.58,515.06,513.72,513.81,1793995,545.11,519.8712,532.01,513.72,False,False,False,False,False,False,down,-0.5500000000000682,-0.004939919893190765
2025-04-21 07:15:00-04:00,513.75,514.34,512.79,513.11,1421659,545.11,519.8712,532.01,513.72,False,False,False,False,False,False,down,-0.5500000000000682,-0.004939919893190765
2025-04-21 07:30:00-04:00,513.11,513.36,511.75,511.84,2220730,545.11,519.8712,532.01,513.72,False,False,False,False,False,False,down,-0.5500000000000682,-0.004939919893190765
2025-04-21 07:45:00-04:00,511.83,511.9251,510.8,511.0699,1843643,545.11,519.8712,532.01,513.72,False,False,False,False,False,False,down,-0.5500000000000682,-0.004939919893190765
2025-04-21 08:00:00-04:00,511.05,512.23,511.01,512.17,1701143,545.11,519.8712,532.01,513.72,False,False,False,False,False,False,down,-0.5500000000000682,-0.004939919893190765
2025-04-21 08:15:00-04:00,512.19,512.19,511.36,511.66,1614304,545.11,519.8712,532.01,513.72,False,False,False,False,False,False,down,-0.5500000000000682,-0.004939919893190765
2025-04-21 08:30:00-04:00,511.66,513.25,511.6,512.8801,2071021,545.11,519.8712,532.01,513.72,False,False,False,False,False,False,down,-0.5500000000000682,-0.004939919893190765
2025-04-21 08:45:00-04:00,512.89,513.1,511.12,511.24,1689240,545.11,519.8712,532.01,513.72,False,False,False,False,False,False,down,-0.5500000000000682,-0.004939919893190765
2025-04-21 09:00:00-04:00,511.2562,511.7399,509.63,509.8,2787713,545.11,519.8712,532.01,513.72,False,False,False,False,False,False,down,-0.5500000000000682,-0.004939919893190765
2025-04-21 09:15:00-04:00,509.78,510.7404,509.5409,509.9612,1622932,545.11,519.8712,532.01,513.72,False,False,False,False,False,False,down,-0.5500000000000682,-0.004939919893190765
2025-04-21 09:30:00-04:00,509.95,510.51,509.32,509.7,1473819,545.11,519.8712,532.01,513.72,False,False,False,False,False,False,down,-0.5500000000000682,-0.004939919893190765
2025-04-21 09:45:00-04:00,509.67,509.8399,508.74,508.94,1236693,545.11,519.8712,532.01,513.72,False,False,False,False,False,False,down,-0.5500000000000682,-0.004939919893190765
2025-04-21 10:00:00-04:00,508.95,509.23,508.46,508.96,1707735,545.11,519.8712,532.01,513.72,False,False,False,False,False,False,down,-0.5500000000000682,-0.004939919893190765
2025-04-21 10:15:00-04:00,508.94,509.9799,508.85,509.91,1861014,545.11,519.8712,532.01,513.72,False,False,False,False,False,False,down,-0.5500000000000682,-0.004939919893190765
2025-04-21 10:30:00-04:00,509.9,510.66,509.32,509.4,1713672,545.11,519.8712,532.01,513.72,False,False,False,False,False,False,down,-0.5500000000000682,-0.004939919893190765
2025-04-21 10:45:00-04:00,509.395,509.62,508.69,508.7701,2396069,545.11,519.8712,532.01,513.72,False,False,False,False,False,False,down,-0.5500000000000682,-0.004939919893190765
2025-04-21 11:00:00-04:00,508.77,510.43,508.73,510.04,3231436,545.11,519.8712,532.01,513.72,False,False,False,False,False,False,down,-0.5500000000000682,-0.004939919893190765
2025-04-21 11:15:00-04:00,510.02,511.17,509.87,510.365,2919431,545.11,519.8712,532.01,513.72,False,False,False,False,False,False,down,-0.5500000000000682,-0.004939919893190765
2025-04-21 11:30:00-04:00,510.36,512.5,510.36,512.22,4195602,545.11,519.8712,532.01,513.72,False,False,False,False,False,False,down,-0.5500000000000682,-0.004939919893190765
2025-04-21 11:45:00-04:00,512.2,514.87,511.7,513.98,8651646,545.11,519.8712,532.01,513.72,False,False,False,False,False,False,down,-0.5500000000000682,-0.004939919893190765
2025-04-21 12:00:00-04:00,513.99,526.5841,510.05,513.5806,10839322,545.11,519.8712,532.01,513.72,False,False,False,False,False,False,down,-0.5500000000000682,-0.004939919893190765
2025-04-21 12:15:00-04:00,513.55,526.5841,513.33,513.45,719700,545.11,519.8712,532.01,513.72,False,False,False,False,False,False,down,-0.5500000000000682,-0.004939919893190765
2025-04-21 12:30:00-04:00,513.45,513.845,513.4,513.63,113719,545.11,519.8712,532.01,513.72,False,False,False,False,False,False,down,-0.5500000000000682,-0.004939919893190765
2025-04-21 12:45:00-04:00,513.62,533.6705,484.9358,513.93,204660,545.11,519.8712,532.01,513.72,False,False,False,False,False,False,down,-0.5500000000000682,-0.004939919893190765
2025-04-21 13:00:00-04:00,514.0,541.6498,484.9358,513.99,25885,545.11,519.8712,532.01,513.72,False,False,False,False,False,False,down,-0.5500000000000682,-0.004939919893190765
2025-04-21 13:15:00-04:00,513.99,541.6498,488.8931,513.9,13936,545.11,519.8712,532.01,513.72,False,False,False,False,False,False,down,-0.5500000000000682,-0.004939919893190765
2025-04-21 13:30:00-04:00,513.9496,514.2,513.85,513.93,28541,545.11,519.8712,532.01,513.72,False,False,False,False,False,False,down,-0.5500000000000682,-0.004939919893190765
2025-04-21 13:45:00-04:00,513.9886,513.99,513.88,513.88,11884,545.11,519.8712,532.01,513.72,False,False,False,False,False,False,down,-0.5500000000000682,-0.004939919893190765
2025-04-21 14:00:00-04:00,513.89,514.26,513.19,513.35,157826,545.11,519.8712,532.01,513.72,False,False,False,False,False,False,down,-0.5500000000000682,-0.004939919893190765
2025-04-21 14:15:00-04:00,513.4386,513.46,512.761,512.95,27257,545.11,519.8712,532.01,513.72,False,False,False,False,False,False,down,-0.5500000000000682,-0.004939919893190765
2025-04-21 14:30:00-04:00,513.88,514.47,512.96,514.01,2659529,545.11,519.8712,532.01,513.72,False,False,False,False,False,False,down,-0.5500000000000682,-0.004939919893190765
2025-04-21 14:45:00-04:00,514.025,514.09,513.6,513.612,5935,545.11,519.8712,532.01,513.72,False,False,False,False,False,False,down,-0.5500000000000682,-0.004939919893190765
2025-04-21 15:00:00-04:00,513.66,513.93,513.59,513.8104,7027,545.11,519.8712,532.01,513.72,False,False,False,False,False,False,down,-0.5500000000000682,-0.004939919893190765
2025-04-21 15:15:00-04:00,513.8197,514.19,513.6,513.9987,9516,545.11,519.8712,532.01,513.72,False,False,False,False,False,False,down,-0.5500000000000682,-0.004939919893190765
2025-04-21 15:30:00-04:00,513.999,514.4,513.9,514.28,13141,545.11,519.8712,532.01,513.72,False,False,False,False,False,False,down,-0.5500000000000682,-0.004939919893190765
2025-04-21 15:45:00-04:00,514.28,516.1,514.1,516.05,87176,545.11,519.8712,532.01,513.72,False,False,False,False,False,False,down,-0.5500000000000682,-0.004939919893190765
2025-04-21 16:00:00-04:00,513.88,513.88,513.88,513.88,2614120,545.11,519.8712,532.01,513.72,False,False,False,False,False,False,down,-0.5500000000000682,-0.004939919893190765
2025-04-22 00:00:00-04:00,517.77,519.14,517.77,518.23,28968,541.6498,484.9358,525.6,513.88,False,False,False,False,False,False,up,2.090000000000032,0.0005407806555033562
2025-04-22 00:15:00-04:00,518.32,518.85,518.04,518.67,10899,541.6498,484.9358,525.6,513.88,False,False,False,False,False,False,up,2.090000000000032,0.0005407806555033562
2025-04-22 00:30:00-04:00,518.7,519.59,518.65,519.48,18099,541.6498,484.9358,525.6,513.88,False,False,False,False,False,False,up,2.090000000000032,0.0005407806555033562
2025-04-22 00:45:00-04:00,519.43,519.43,518.75,519.2,27102,541.6498,484.9358,525.6,513.88,False,False,False,False,False,False,up,2.090000000000032,0.0005407806555033562
2025-04-22 01:00:00-04:00,519.26,519.45,518.82,518.96,23971,541.6498,484.9358,525.6,513.88,False,False,False,False,False,False,up,2.090000000000032,0.0005407806555033562
2025-04-22 01:15:00-04:00,518.91,519.43,518.4,519.32,9729,541.6498,484.9358,525.6,513.88,False,False,False,False,False,False,up,2.090000000000032,0.0005407806555033562
2025-04-22 01:30:00-04:00,519.33,519.42,519.03,519.15,13156,541.6498,484.9358,525.6,513.88,False,False,False,False,False,False,up,2.090000000000032,0.0005407806555033562
2025-04-22 01:45:00-04:00,519.07,519.28,518.86,518.9,3932,541.6498,484.9358,525.6,513.88,False,False,False,False,False,False,up,2.090000000000032,0.0005407806555033562
2025-04-22 02:00:00-04:00,518.87,519.18,518.6,519.05,7790,541.6498,484.9358,525.6,513.88,False,False,False,False,False,False,up,2.090000000000032,0.0005407806555033562
2025-04-22 02:15:00-04:00,519.05,519.13,518.6,518.7,28538,541.6498,484.9358,525.6,513.88,False,False,False,False,False,False,up,2.090000000000032,0.0005407806555033562
2025-04-22 02:30:00-04:00,518.76,519.37,518.51,519.14,17997,541.6498,484.9358,525.6,513.88,False,False,False,False,False,False,up,2.090000000000032,0.0005407806555033562
2025-04-22 02:45:00-04:00,519.08,519.15,518.46,518.75,12387,541.6498,484.9358,525.6,513.88,False,False,False,False,False,False,up,2.090000000000032,0.0005407806555033562
2025-04-22 03:00:00-04:00,518.78,519.0,517.67,518.05,91557,541.6498,484.9358,525.6,513.88,False,False,False,False,False,False,up,2.090000000000032,0.0005407806555033562
2025-04-22 03:15:00-04:00,517.99,518.55,517.83,518.4,46609,541.6498,484.9358,525.6,513.88,False,False,False,False,False,False,up,2.090000000000032,0.0005407806555033562
2025-04-22 03:30:00-04:00,518.4,518.81,517.76,517.901,43684,541.6498,484.9358,525.6,513.88,False,False,False,False,False,False,up,2.090000000000032,0.0005407806555033562
2025-04-22 03:45:00-04:00,517.901,518.27,517.29,517.67,117973,541.6498,484.9358,525.6,513.88,False,False,False,False,False,False,up,2.090000000000032,0.0005407806555033562
2025-04-22 04:00:00-04:00,518.83,521.0,513.88,517.94,168210,541.6498,484.9358,525.6,513.88,False,False,False,False,False,False,up,2.090000000000032,0.0005407806555033562
2025-04-22 04:15:00-04:00,517.865,518.51,517.79,518.5,87926,541.6498,484.9358,525.6,513.88,False,False,False,False,False,False,up,2.090000000000032,0.0005407806555033562
2025-04-22 04:30:00-04:00,518.4608,518.69,518.24,518.6196,68532,541.6498,484.9358,525.6,513.88,False,False,False,False,False,False,up,2.090000000000032,0.0005407806555033562
2025-04-22 04:45:00-04:00,518.6,519.43,513.88,519.42,130736,541.6498,484.9358,525.6,513.88,False,False,False,False,False,False,up,2.090000000000032,0.0005407806555033562
2025-04-22 05:00:00-04:00,519.4,519.77,519.29,519.65,214985,541.6498,484.9358,525.6,513.88,False,False,False,False,False,False,up,2.090000000000032,0.0005407806555033562
2025-04-22 05:15:00-04:00,519.64,520.18,519.21,520.18,249255,541.6498,484.9358,525.6,513.88,False,False,False,False,False,False,up,2.090000000000032,0.0005407806555033562
2025-04-22 05:30:00-04:00,520.14,521.45,519.1925,521.42,2958612,541.6498,484.9358,525.6,513.88,False,False,False,False,False,False,up,2.090000000000032,0.0005407806555033562
2025-04-22 05:45:00-04:00,521.43,522.3,520.775,521.89,2334114,541.6498,484.9358,525.6,513.88,False,False,False,False,False,False,up,2.090000000000032,0.0005407806555033562
2025-04-22 06:00:00-04:00,521.96,523.44,521.73,522.78,2241138,541.6498,484.9358,525.6,513.88,False,False,False,False,False,False,up,2.090000000000032,0.0005407806555033562
2025-04-22 06:15:00-04:00,522.75,523.43,522.08,523.06,1716376,541.6498,484.9358,525.6,513.88,False,False,False,False,False,False,up,2.090000000000032,0.0005407806555033562
2025-04-22 06:30:00-04:00,523.07,523.92,522.26,523.9,1503641,541.6498,484.9358,525.6,513.88,False,False,False,False,False,False,up,2.090000000000032,0.0005407806555033562
2025-04-22 06:45:00-04:00,523.89,524.89,523.33,524.67,1889120,541.6498,484.9358,525.6,513.88,False,False,False,False,False,False,up,2.090000000000032,0.0005407806555033562
2025-04-22 07:00:00-04:00,524.67,525.6,524.59,525.5599,1823740,541.6498,484.9358,525.6,513.88,False,False,False,False,False,False,up,2.090000000000032,0.0005407806555033562
2025-04-22 07:15:00-04:00,525.555,525.8138,524.9,524.94,1736486,541.6498,484.9358,525.6,513.88,False,False,False,False,False,False,up,2.090000000000032,0.0005407806555033562
2025-04-22 07:30:00-04:00,524.95,525.265,523.81,523.8886,1719425,541.6498,484.9358,525.6,513.88,False,False,False,False,False,False,up,2.090000000000032,0.0005407806555033562
2025-04-22 07:45:00-04:00,523.89,526.55,523.76,526.17,2357789,541.6498,484.9358,525.6,513.88,False,False,False,False,False,False,up,2.090000000000032,0.0005407806555033562
2025-04-22 08:00:00-04:00,526.2,528.25,526.2,528.08,4672375,541.6498,484.9358,525.6,513.88,False,False,False,False,False,False,up,2.090000000000032,0.0005407806555033562
2025-04-22 08:15:00-04:00,528.07,529.305,527.57,528.8,1852481,541.6498,484.9358,525.6,513.88,False,False,False,False,False,False,up,2.090000000000032,0.0005407806555033562
2025-04-22 08:30:00-04:00,528.79,529.11,527.32,528.23,1920883,541.6498,484.9358,525.6,513.88,False,False,False,False,False,False,up,2.090000000000032,0.0005407806555033562
2025-04-22 08:45:00-04:00,528.24,528.34,526.93,527.5595,1362334,541.6498,484.9358,525.6,513.88,False,False,False,False,False,False,up,2.090000000000032,0.0005407806555033562
2025-04-22 09:00:00-04:00,527.57,528.97,525.32,525.681,3845596,541.6498,484.9358,525.6,513.88,False,False,False,False,False,False,up,2.090000000000032,0.0005407806555033562
2025-04-22 09:15:00-04:00,525.71,525.775,522.33,522.65,4251409,541.6498,484.9358,525.6,513.88,False,False,False,False,False,False,up,2.090000000000032,0.0005407806555033562
2025-04-22 09:30:00-04:00,522.57,523.9327,522.02,523.23,2439393,541.6498,484.9358,525.6,513.88,False,False,False,False,False,False,up,2.090000000000032,0.0005407806555033562
2025-04-22 09:45:00-04:00,523.24,523.35,521.76,521.85,1541840,541.6498,484.9358,525.6,513.88,False,False,False,False,False,False,up,2.090000000000032,0.0005407806555033562
2025-04-22 10:00:00-04:00,521.85,524.4699,521.78,524.45,1753633,541.6498,484.9358,525.6,513.88,False,False,False,False,False,False,up,2.090000000000032,0.0005407806555033562
2025-04-22 10:15:00-04:00,524.43,525.67,523.95,525.39,1687282,541.6498,484.9358,525.6,513.88,False,False,False,False,False,False,up,2.090000000000032,0.0005407806555033562
2025-04-22 10:30:00-04:00,525.39,526.37,525.35,526.08,1282717,541.6498,484.9358,525.6,513.88,False,False,False,False,False,False,up,2.090000000000032,0.0005407806555033562
2025-04-22 10:45:00-04:00,526.07,527.23,526.07,526.76,1338996,541.6498,484.9358,525.6,513.88,False,False,False,False,False,False,up,2.090000000000032,0.0005407806555033562
2025-04-22 11:00:00-04:00,526.75,527.13,525.55,525.75,1844186,541.6498,484.9358,525.6,513.88,False,False,False,False,False,False,up,2.090000000000032,0.0005407806555033562
2025-04-22 11:15:00-04:00,525.765,525.94,524.25,524.69,2187372,541.6498,484.9358,525.6,513.88,False,False,False,False,False,False,up,2.090000000000032,0.0005407806555033562
2025-04-22 11:30:00-04:00,524.67,526.55,524.21,526.1799,2818086,541.6498,484.9358,525.6,513.88,False,False,False,False,False,False,up,2.090000000000032,0.0005407806555033562
2025-04-22 11:45:00-04:00,526.17,527.5,525.71,526.94,7776242,541.6498,484.9358,525.6,513.88,False,False,False,False,False,False,up,2.090000000000032,0.0005407806555033562
2025-04-22 12:00:00-04:00,526.94,528.81,524.4393,526.8801,8251078,541.6498,484.9358,525.6,513.88,False,False,False,False,False,False,up,2.090000000000032,0.0005407806555033562
2025-04-22 12:15:00-04:00,526.93,527.3299,514.1975,527.23,645274,541.6498,484.9358,525.6,513.88,False,False,False,False,False,False,up,2.090000000000032,0.0005407806555033562
2025-04-22 12:30:00-04:00,527.26,527.56,504.1612,527.26,310362,541.6498,484.9358,525.6,513.88,False,False,False,False,False,False,up,2.090000000000032,0.0005407806555033562
2025-04-22 12:45:00-04:00,527.19,559.6838,494.5067,557.7841,775794,541.6498,484.9358,525.6,513.88,False,False,False,False,False,False,up,2.090000000000032,0.0005407806555033562
2025-04-22 13:00:00-04:00,526.925,527.25,499.4202,527.07,1044979,541.6498,484.9358,525.6,513.88,False,False,False,False,False,False,up,2.090000000000032,0.0005407806555033562
2025-04-22 13:15:00-04:00,527.11,534.4,527.06,534.06,1065884,541.6498,484.9358,525.6,513.88,False,False,False,False,False,False,up,2.090000000000032,0.0005407806555033562
2025-04-22 13:30:00-04:00,534.155,537.75,533.0,537.55,804526,541.6498,484.9358,525.6,513.88,False,False,False,False,False,False,up,2.090000000000032,0.0005407806555033562
2025-04-22 13:45:00-04:00,537.6183,537.83,534.0,535.48,483393,541.6498,484.9358,525.6,513.88,False,False,False,False,False,False,up,2.090000000000032,0.0005407806555033562
2025-04-22 14:00:00-04:00,535.46,536.96,533.28,534.7,585578,541.6498,484.9358,525.6,513.88,False,False,False,False,False,False,up,2.090000000000032,0.0005407806555033562
2025-04-22 14:15:00-04:00,534.67,535.7,534.08,535.68,128508,541.6498,484.9358,525.6,513.88,False,False,False,False,False,False,up,2.090000000000032,0.0005407806555033562
2025-04-22 14:30:00-04:00,527.25,535.95,527.25,535.9,1486760,541.6498,484.9358,525.6,513.88,False,False,False,False,False,False,up,2.090000000000032,0.0005407806555033562
2025-04-22 14:45:00-04:00,535.9,537.01,535.53,537.0,112776,541.6498,484.9358,525.6,513.88,False,False,False,False,False,False,up,2.090000000000032,0.0005407806555033562
2025-04-22 15:00:00-04:00,537.0,537.7296,536.62,537.6997,98755,541.6498,484.9358,525.6,513.88,False,False,False,False,False,False,up,2.090000000000032,0.0005407806555033562
2025-04-22 15:15:00-04:00,537.65,537.71,535.94,536.29,58716,541.6498,484.9358,525.6,513.88,False,False,False,False,False,False,up,2.090000000000032,0.0005407806555033562
2025-04-22 15:30:00-04:00,536.2499,536.475,535.8,536.22,44359,541.6498,484.9358,525.6,513.88,False,False,False,False,False,False,up,2.090000000000032,0.0005407806555033562
2025-04-22 15:45:00-04:00,536.23,537.0,536.0,536.61,79078,541.6498,484.9358,525.6,513.88,False,False,False,False,False,False,up,2.090000000000032,0.0005407806555033562
2025-04-22 16:00:00-04:00,527.25,527.25,527.25,527.25,1431434,541.6498,484.9358,525.6,513.88,False,False,False,False,False,False,up,2.090000000000032,0.0005407806555033562
2025-04-23 00:00:00-04:00,536.63,537.6,535.22,537.6,41401,559.6838,494.5067,545.43,519.78,False,False,False,False,False,False,up,0.029999999999972715,0.007025324711626226
2025-04-23 00:15:00-04:00,537.6,537.78,537.29,537.49,49626,559.6838,494.5067,545.43,519.78,False,False,False,False,False,False,up,0.029999999999972715,0.007025324711626226
2025-04-23 00:30:00-04:00,537.47,538.54,537.47,538.36,25136,559.6838,494.5067,545.43,519.78,False,False,False,False,False,False,up,0.029999999999972715,0.007025324711626226
2025-04-23 00:45:00-04:00,538.41,538.8,537.83,537.89,23125,559.6838,494.5067,545.43,519.78,False,False,False,False,False,False,up,0.029999999999972715,0.007025324711626226
2025-04-23 01:00:00-04:00,537.94,538.44,537.94,538.38,59079,559.6838,494.5067,545.43,519.78,False,False,False,False,False,False,up,0.029999999999972715,0.007025324711626226
2025-04-23 01:15:00-04:00,538.41,538.52,537.86,537.89,33912,559.6838,494.5067,545.43,519.78,False,False,False,False,False,False,up,0.029999999999972715,0.007025324711626226
2025-04-23 01:30:00-04:00,537.96,537.99,537.19,537.19,45919,559.6838,494.5067,545.43,519.78,False,False,False,False,False,False,up,0.029999999999972715,0.007025324711626226
2025-04-23 01:45:00-04:00,537.34,538.22,537.2,538.01,19606,559.6838,494.5067,545.43,519.78,False,False,False,False,False,False,up,0.029999999999972715,0.007025324711626226
2025-04-23 02:00:00-04:00,538.05,538.46,537.96,538.13,18215,559.6838,494.5067,545.43,519.78,False,False,False,False,False,False,up,0.029999999999972715,0.007025324711626226
2025-04-23 02:15:00-04:00,538.03,539.0,538.03,539.0,86023,559.6838,494.5067,545.43,519.78,False,False,False,False,False,False,up,0.029999999999972715,0.007025324711626226
2025-04-23 02:30:00-04:00,538.97,539.65,538.72,539.58,66901,559.6838,494.5067,545.43,519.78,False,False,False,False,False,False,up,0.029999999999972715,0.007025324711626226
2025-04-23 02:45:00-04:00,539.66,540.49,539.65,540.17,75260,559.6838,494.5067,545.43,519.78,False,False,False,False,False,False,up,0.029999999999972715,0.007025324711626226
2025-04-23 03:00:00-04:00,540.12,540.72,540.0,540.4,159179,559.6838,494.5067,545.43,519.78,False,False,False,False,False,False,up,0.029999999999972715,0.007025324711626226
2025-04-23 03:15:00-04:00,540.39,540.53,539.26,539.27,103921,559.6838,494.5067,545.43,519.78,False,False,False,False,False,False,up,0.029999999999972715,0.007025324711626226
2025-04-23 03:30:00-04:00,539.26,539.68,538.91,538.96,186118,559.6838,494.5067,545.43,519.78,False,False,False,False,False,False,up,0.029999999999972715,0.007025324711626226
2025-04-23 03:45:00-04:00,538.999,539.5,538.55,538.57,86459,559.6838,494.5067,545.43,519.78,False,False,False,False,False,False,up,0.029999999999972715,0.007025324711626226
2025-04-23 04:00:00-04:00,540.17,540.71,527.25,539.265,271361,559.6838,494.5067,545.43,519.78,False,False,False,False,False,False,up,0.029999999999972715,0.007025324711626226
2025-04-23 04:15:00-04:00,539.28,539.6,539.2,539.32,99944,559.6838,494.5067,545.43,519.78,False,False,False,False,False,False,up,0.029999999999972715,0.007025324711626226
2025-04-23 04:30:00-04:00,539.32,540.47,539.2,540.33,213387,559.6838,494.5067,545.43,519.78,False,False,False,False,False,False,up,0.029999999999972715,0.007025324711626226
2025-04-23 04:45:00-04:00,540.38,541.06,519.78,540.945,131437,559.6838,494.5067,545.43,519.78,False,False,False,False,False,False,up,0.029999999999972715,0.007025324711626226
2025-04-23 05:00:00-04:00,540.93,541.0,539.07,539.61,242229,559.6838,494.5067,545.43,519.78,False,False,False,False,False,False,up,0.029999999999972715,0.007025324711626226
2025-04-23 05:15:00-04:00,539.615,540.84,539.5806,540.5,244771,559.6838,494.5067,545.43,519.78,False,False,False,False,False,False,up,0.029999999999972715,0.007025324711626226
2025-04-23 05:30:00-04:00,540.43,544.91,539.5101,542.7487,10118977,559.6838,494.5067,545.43,519.78,False,False,False,False,False,False,up,0.029999999999972715,0.007025324711626226
2025-04-23 05:45:00-04:00,542.63,544.99,541.78,543.56,6469971,559.6838,494.5067,545.43,519.78,False,False,False,False,False,False,up,0.029999999999972715,0.007025324711626226
2025-04-23 06:00:00-04:00,543.595,545.43,541.34,543.17,4469639,559.6838,494.5067,545.43,519.78,False,False,False,False,False,False,up,0.029999999999972715,0.007025324711626226
2025-04-23 06:15:00-04:00,543.18,544.2865,540.75,543.88,3092138,559.6838,494.5067,545.43,519.78,False,False,False,False,False,False,up,0.029999999999972715,0.007025324711626226
2025-04-23 06:30:00-04:00,543.82,545.2,540.9702,544.35,1812562,559.6838,494.5067,545.43,519.78,False,False,False,False,False,False,up,0.029999999999972715,0.007025324711626226
2025-04-23 06:45:00-04:00,544.33,545.16,540.76,542.555,2442801,559.6838,494.5067,545.43,519.78,False,False,False,False,False,False,up,0.029999999999972715,0.007025324711626226
2025-04-23 07:00:00-04:00,542.54,543.77,540.8,542.2501,2478399,559.6838,494.5067,545.43,519.78,False,False,False,False,False,False,up,0.029999999999972715,0.007025324711626226
2025-04-23 07:15:00-04:00,542.29,543.93,537.67,538.6,4362424,559.6838,494.5067,545.43,519.78,False,False,False,False,False,False,up,0.029999999999972715,0.007025324711626226
2025-04-23 07:30:00-04:00,538.59,544.92,536.94,537.89,2995489,559.6838,494.5067,545.43,519.78,False,False,False,False,False,False,up,0.029999999999972715,0.007025324711626226
2025-04-23 07:45:00-04:00,537.8935,545.1,535.57,537.43,2293563,559.6838,494.5067,545.43,519.78,False,False,False,False,False,False,up,0.029999999999972715,0.007025324711626226
2025-04-23 08:00:00-04:00,537.42,545.13,535.64,536.11,1824645,559.6838,494.5067,545.43,519.78,False,False,False,False,False,False,up,0.029999999999972715,0.007025324711626226
2025-04-23 08:15:00-04:00,536.15,545.16,534.0,536.3,2747079,559.6838,494.5067,545.43,519.78,False,False,False,False,False,False,up,0.029999999999972715,0.007025324711626226
2025-04-23 08:30:00-04:00,536.3,545.02,536.09,537.24,2012601,559.6838,494.5067,545.43,519.78,False,False,False,False,False,False,up,0.029999999999972715,0.007025324711626226
2025-04-23 08:45:00-04:00,537.24,545.1075,535.79,538.22,1809514,559.6838,494.5067,545.43,519.78,False,False,False,False,False,False,up,0.029999999999972715,0.007025324711626226
2025-04-23 09:00:00-04:00,538.2,545.11,536.19,539.05,1865391,559.6838,494.5067,545.43,519.78,False,False,False,False,False,False,up,0.029999999999972715,0.007025324711626226
2025-04-23 09:15:00-04:00,539.04,545.1606,538.2,538.2,1217644,559.6838,494.5067,545.43,519.78,False,False,False,False,False,False,up,0.029999999999972715,0.007025324711626226
2025-04-23 09:30:00-04:00,538.21,538.85,536.34,537.51,1404564,559.6838,494.5067,545.43,519.78,False,False,False,False,False,False,up,0.029999999999972715,0.007025324711626226
2025-04-23 09:45:00-04:00,537.5204,545.1325,536.75,538.36,1396288,559.6838,494.5067,545.43,519.78,False,False,False,False,False,False,up,0.029999999999972715,0.007025324711626226
2025-04-23 10:00:00-04:00,538.34,544.78,537.02,538.02,2103999,559.6838,494.5067,545.43,519.78,False,False,False,False,False,False,up,0.029999999999972715,0.007025324711626226
2025-04-23 10:15:00-04:00,538.06,543.5785,536.26,536.57,2098366,559.6838,494.5067,545.43,519.78,False,False,False,False,False,False,up,0.029999999999972715,0.007025324711626226
2025-04-23 10:30:00-04:00,536.57,545.095,535.97,536.0,1670244,559.6838,494.5067,545.43,519.78,False,False,False,False,False,False,up,0.029999999999972715,0.007025324711626226
2025-04-23 10:45:00-04:00,535.995,544.29,535.8,536.36,1789625,559.6838,494.5067,545.43,519.78,False,False,False,False,False,False,up,0.029999999999972715,0.007025324711626226
2025-04-23 11:00:00-04:00,536.36,545.13,535.04,535.6,1778734,559.6838,494.5067,545.43,519.78,False,False,False,False,False,False,up,0.029999999999972715,0.007025324711626226
2025-04-23 11:15:00-04:00,535.575,545.06,534.1,534.63,2204033,559.6838,494.5067,545.43,519.78,False,False,False,False,False,False,up,0.029999999999972715,0.007025324711626226
2025-04-23 11:30:00-04:00,534.71,535.79,533.88,534.71,2899610,559.6838,494.5067,545.43,519.78,False,False,False,False,False,False,up,0.029999999999972715,0.007025324711626226
2025-04-23 11:45:00-04:00,534.715,544.5441,534.03,535.41,10041052,559.6838,494.5067,545.43,519.78,False,False,False,False,False,False,up,0.029999999999972715,0.007025324711626226
2025-04-23 12:00:00-04:00,535.38,545.1788,527.1094,535.585,8099284,559.6838,494.5067,545.43,519.78,False,False,False,False,False,False,up,0.029999999999972715,0.007025324711626226
2025-04-23 12:15:00-04:00,535.58,544.9688,527.1094,537.89,1401243,559.6838,494.5067,545.43,519.78,False,False,False,False,False,False,up,0.029999999999972715,0.007025324711626226
2025-04-23 12:30:00-04:00,537.8983,555.0083,503.1869,543.71,490697,559.6838,494.5067,545.43,519.78,False,False,False,False,False,False,up,0.029999999999972715,0.007025324711626226
2025-04-23 12:45:00-04:00,543.67,564.2476,502.1271,544.35,386783,559.6838,494.5067,545.43,519.78,False,False,False,False,False,False,up,0.029999999999972715,0.007025324711626226
2025-04-23 13:00:00-04:00,544.43,545.18,535.42,537.56,387712,559.6838,494.5067,545.43,519.78,False,False,False,False,False,False,up,0.029999999999972715,0.007025324711626226
2025-04-23 13:15:00-04:00,537.49,555.0,282.39,537.06,185392,559.6838,494.5067,545.43,519.78,False,False,False,False,False,False,up,0.029999999999972715,0.007025324711626226
2025-04-23 13:30:00-04:00,537.05,543.53,515.42,536.34,57462,559.6838,494.5067,545.43,519.78,False,False,False,False,False,False,up,0.029999999999972715,0.007025324711626226
2025-04-23 13:45:00-04:00,536.34,536.5,535.5,535.94,79073,559.6838,494.5067,545.43,519.78,False,False,False,False,False,False,up,0.029999999999972715,0.007025324711626226
2025-04-23 14:00:00-04:00,536.27,545.17,534.46,534.59,99883,559.6838,494.5067,545.43,519.78,False,False,False,False,False,False,up,0.029999999999972715,0.007025324711626226
2025-04-23 14:15:00-04:00,534.62,535.42,534.44,535.23,89443,559.6838,494.5067,545.43,519.78,False,False,False,False,False,False,up,0.029999999999972715,0.007025324711626226
2025-04-23 14:30:00-04:00,535.42,536.38,535.2,535.915,1263235,559.6838,494.5067,545.43,519.78,False,False,False,False,False,False,up,0.029999999999972715,0.007025324711626226
2025-04-23 14:45:00-04:00,535.92,536.27,535.7108,536.1104,14534,559.6838,494.5067,545.43,519.78,False,False,False,False,False,False,up,0.029999999999972715,0.007025324711626226
2025-04-23 15:00:00-04:00,536.06,536.6565,535.95,536.5299,10687,559.6838,494.5067,545.43,519.78,False,False,False,False,False,False,up,0.029999999999972715,0.007025324711626226
2025-04-23 15:15:00-04:00,536.42,537.07,536.3,536.54,33940,559.6838,494.5067,545.43,519.78,False,False,False,False,False,False,up,0.029999999999972715,0.007025324711626226
2025-04-23 15:30:00-04:00,536.58,536.58,535.92,536.47,15351,559.6838,494.5067,545.43,519.78,False,False,False,False,False,False,up,0.029999999999972715,0.007025324711626226
2025-04-23 15:45:00-04:00,536.37,538.5384,534.0442,536.62,16999,559.6838,494.5067,545.43,519.78,False,False,False,False,False,False,up,0.029999999999972715,0.007025324711626226
2025-04-23 16:00:00-04:00,535.42,535.42,535.42,535.42,1232668,559.6838,494.5067,545.43,519.78,False,False,False,False,False,False,up,0.029999999999972715,0.007025324711626226
2025-04-24 00:00:00-04:00,533.73,533.73,532.5,532.78,25453,564.2476,282.39,543.87,531.29,False,False,False,False,False,False,up,1.7950000000000728,0.0022295917411424143
2025-04-24 00:15:00-04:00,532.84,533.12,532.06,532.18,15978,564.2476,282.39,543.87,531.29,False,False,False,False,False,False,up,1.7950000000000728,0.0022295917411424143
2025-04-24 00:30:00-04:00,532.15,532.31,531.19,531.57,23852,564.2476,282.39,543.87,531.29,False,False,False,False,False,False,up,1.7950000000000728,0.0022295917411424143
2025-04-24 00:45:00-04:00,531.54,532.09,531.1,532.04,9056,564.2476,282.39,543.87,531.29,False,False,False,False,False,False,up,1.7950000000000728,0.0022295917411424143
2025-04-24 01:00:00-04:00,532.14,532.48,532.04,532.46,11456,564.2476,282.39,543.87,531.29,False,False,False,False,False,False,up,1.7950000000000728,0.0022295917411424143
2025-04-24 01:15:00-04:00,532.48,532.73,532.29,532.48,7179,564.2476,282.39,543.87,531.29,False,False,False,False,False,False,up,1.7950000000000728,0.0022295917411424143
2025-04-24 01:30:00-04:00,532.49,533.13,532.49,533.12,10002,564.2476,282.39,543.87,531.29,False,False,False,False,False,False,up,1.7950000000000728,0.0022295917411424143
2025-04-24 01:45:00-04:00,533.12,533.48,532.76,533.2,99074,564.2476,282.39,543.87,531.29,False,False,False,False,False,False,up,1.7950000000000728,0.0022295917411424143
2025-04-24 02:00:00-04:00,533.2,534.0,533.18,533.55,16209,564.2476,282.39,543.87,531.29,False,False,False,False,False,False,up,1.7950000000000728,0.0022295917411424143
2025-04-24 02:15:00-04:00,533.55,533.8,533.02,533.76,37559,564.2476,282.39,543.87,531.29,False,False,False,False,False,False,up,1.7950000000000728,0.0022295917411424143
2025-04-24 02:30:00-04:00,533.79,535.03,533.56,535.03,36758,564.2476,282.39,543.87,531.29,False,False,False,False,False,False,up,1.7950000000000728,0.0022295917411424143
2025-04-24 02:45:00-04:00,535.04,536.45,534.89,535.96,105503,564.2476,282.39,543.87,531.29,False,False,False,False,False,False,up,1.7950000000000728,0.0022295917411424143
2025-04-24 03:00:00-04:00,535.96,536.03,534.81,534.92,152803,564.2476,282.39,543.87,531.29,False,False,False,False,False,False,up,1.7950000000000728,0.0022295917411424143
2025-04-24 03:15:00-04:00,534.9,534.95,534.08,534.31,98562,564.2476,282.39,543.87,531.29,False,False,False,False,False,False,up,1.7950000000000728,0.0022295917411424143
2025-04-24 03:30:00-04:00,534.3,535.8,533.55,533.8,168689,564.2476,282.39,543.87,531.29,False,False,False,False,False,False,up,1.7950000000000728,0.0022295917411424143
2025-04-24 03:45:00-04:00,533.75,534.41,533.74,534.3,42053,564.2476,282.39,543.87,531.29,False,False,False,False,False,False,up,1.7950000000000728,0.0022295917411424143
2025-04-24 04:00:00-04:00,535.76,535.97,531.29,534.88,210211,564.2476,282.39,543.87,531.29,False,False,False,False,False,False,up,1.7950000000000728,0.0022295917411424143
2025-04-24 04:15:00-04:00,534.93,535.42,534.25,534.79,141842,564.2476,282.39,543.87,531.29,False,False,False,False,False,False,up,1.7950000000000728,0.0022295917411424143
2025-04-24 04:30:00-04:00,534.77,536.4,534.5,536.3,219615,564.2476,282.39,543.87,531.29,False,False,False,False,False,False,up,1.7950000000000728,0.0022295917411424143
2025-04-24 04:45:00-04:00,536.3185,536.4,535.42,536.11,106317,564.2476,282.39,543.87,531.29,False,False,False,False,False,False,up,1.7950000000000728,0.0022295917411424143
2025-04-24 05:00:00-04:00,536.06,536.35,535.57,535.9,226700,564.2476,282.39,543.87,531.29,False,False,False,False,False,False,up,1.7950000000000728,0.0022295917411424143
2025-04-24 05:15:00-04:00,535.9,536.79,535.76,536.74,430324,564.2476,282.39,543.87,531.29,False,False,False,False,False,False,up,1.7950000000000728,0.0022295917411424143
2025-04-24 05:30:00-04:00,536.715,537.93,535.4504,537.78,2519458,564.2476,282.39,543.87,531.29,False,False,False,False,False,False,up,1.7950000000000728,0.0022295917411424143
2025-04-24 05:45:00-04:00,537.77,539.6462,537.74,539.48,2191531,564.2476,282.39,543.87,531.29,False,False,False,False,False,False,up,1.7950000000000728,0.0022295917411424143
2025-04-24 06:00:00-04:00,539.48,540.4,539.01,539.9699,2894449,564.2476,282.39,543.87,531.29,False,False,False,False,False,False,up,1.7950000000000728,0.0022295917411424143
2025-04-24 06:15:00-04:00,539.98,542.33,539.53,542.2342,2022861,564.2476,282.39,543.87,531.29,False,False,False,False,False,False,up,1.7950000000000728,0.0022295917411424143
2025-04-24 06:30:00-04:00,542.23,543.31,541.53,542.04,2938773,564.2476,282.39,543.87,531.29,False,False,False,False,False,False,up,1.7950000000000728,0.0022295917411424143
2025-04-24 06:45:00-04:00,542.05,542.7,540.99,542.46,2166025,564.2476,282.39,543.87,531.29,False,False,False,False,False,False,up,1.7950000000000728,0.0022295917411424143
2025-04-24 07:00:00-04:00,542.45,543.87,541.97,543.52,1814213,564.2476,282.39,543.87,531.29,False,False,False,False,False,False,up,1.7950000000000728,0.0022295917411424143
2025-04-24 07:15:00-04:00,543.53,543.81,542.09,542.48,1686733,564.2476,282.39,543.87,531.29,False,False,False,False,False,False,up,1.7950000000000728,0.0022295917411424143
2025-04-24 07:30:00-04:00,542.51,543.19,541.89,542.46,1056565,564.2476,282.39,543.87,531.29,False,False,False,False,False,False,up,1.7950000000000728,0.0022295917411424143
2025-04-24 07:45:00-04:00,542.44,543.9,542.25,542.76,1890550,564.2476,282.39,543.87,531.29,False,False,False,False,False,False,up,1.7950000000000728,0.0022295917411424143
2025-04-24 08:00:00-04:00,542.81,543.51,542.2503,543.475,917741,564.2476,282.39,543.87,531.29,False,False,False,False,False,False,up,1.7950000000000728,0.0022295917411424143
2025-04-24 08:15:00-04:00,543.4357,544.97,543.3,544.44,1785082,564.2476,282.39,543.87,531.29,False,False,False,False,False,False,up,1.7950000000000728,0.0022295917411424143
2025-04-24 08:30:00-04:00,544.44,545.35,544.295,544.89,1845154,564.2476,282.39,543.87,531.29,False,False,False,False,False,False,up,1.7950000000000728,0.0022295917411424143
2025-04-24 08:45:00-04:00,544.9,545.8479,544.34,545.44,1222395,564.2476,282.39,543.87,531.29,False,False,False,False,False,False,up,1.7950000000000728,0.0022295917411424143
2025-04-24 09:00:00-04:00,545.43,545.46,544.69,545.13,981928,564.2476,282.39,543.87,531.29,False,False,False,False,False,False,up,1.7950000000000728,0.0022295917411424143
2025-04-24 09:15:00-04:00,545.07,545.29,544.03,544.98,1148722,564.2476,282.39,543.87,531.29,False,False,False,False,False,False,up,1.7950000000000728,0.0022295917411424143
2025-04-24 09:30:00-04:00,544.98,545.59,544.4,544.6701,961682,564.2476,282.39,543.87,531.29,False,False,False,False,False,False,up,1.7950000000000728,0.0022295917411424143
2025-04-24 09:45:00-04:00,544.72,545.5795,544.37,545.27,1020598,564.2476,282.39,543.87,531.29,False,False,False,False,False,False,up,1.7950000000000728,0.0022295917411424143
2025-04-24 10:00:00-04:00,545.29,546.33,545.22,545.61,2104102,564.2476,282.39,543.87,531.29,False,False,False,False,False,False,up,1.7950000000000728,0.0022295917411424143
2025-04-24 10:15:00-04:00,545.62,545.88,545.03,545.51,1223965,564.2476,282.39,543.87,531.29,False,False,False,False,False,False,up,1.7950000000000728,0.0022295917411424143
2025-04-24 10:30:00-04:00,545.51,546.555,545.43,546.255,1270273,564.2476,282.39,543.87,531.29,False,False,False,False,False,False,up,1.7950000000000728,0.0022295917411424143
2025-04-24 10:45:00-04:00,546.25,546.9,546.08,546.08,1286823,564.2476,282.39,543.87,531.29,False,False,False,False,False,False,up,1.7950000000000728,0.0022295917411424143
2025-04-24 11:00:00-04:00,546.05,546.1,544.28,544.8052,2335292,564.2476,282.39,543.87,531.29,False,False,False,False,False,False,up,1.7950000000000728,0.0022295917411424143
2025-04-24 11:15:00-04:00,544.78,546.02,544.71,544.87,2064075,564.2476,282.39,543.87,531.29,False,False,False,False,False,False,up,1.7950000000000728,0.0022295917411424143
2025-04-24 11:30:00-04:00,544.89,546.54,544.75,546.39,2572163,564.2476,282.39,543.87,531.29,False,False,False,False,False,False,up,1.7950000000000728,0.0022295917411424143
2025-04-24 11:45:00-04:00,546.41,547.43,546.1225,546.54,8041710,564.2476,282.39,543.87,531.29,False,False,False,False,False,False,up,1.7950000000000728,0.0022295917411424143
2025-04-24 12:00:00-04:00,546.55,549.39,535.8812,547.57,12495127,564.2476,282.39,543.87,531.29,False,False,False,False,False,False,up,1.7950000000000728,0.0022295917411424143
2025-04-24 12:15:00-04:00,547.62,547.78,535.8812,547.38,645578,564.2476,282.39,543.87,531.29,False,False,False,False,False,False,up,1.7950000000000728,0.0022295917411424143
2025-04-24 12:30:00-04:00,547.35,547.97,545.4243,547.725,153717,564.2476,282.39,543.87,531.29,False,False,False,False,False,False,up,1.7950000000000728,0.0022295917411424143
2025-04-24 12:45:00-04:00,547.7006,581.8076,518.8465,547.31,149063,564.2476,282.39,543.87,531.29,False,False,False,False,False,False,up,1.7950000000000728,0.0022295917411424143
2025-04-24 13:00:00-04:00,547.39,571.2973,518.8465,548.01,524051,564.2476,282.39,543.87,531.29,False,False,False,False,False,False,up,1.7950000000000728,0.0022295917411424143
2025-04-24 13:15:00-04:00,548.01,548.2,546.69,548.2,362059,564.2476,282.39,543.87,531.29,False,False,False,False,False,False,up,1.7950000000000728,0.0022295917411424143
2025-04-24 13:30:00-04:00,548.2,548.39,548.0517,548.35,24122,564.2476,282.39,543.87,531.29,False,False,False,False,False,False,up,1.7950000000000728,0.0022295917411424143
2025-04-24 13:45:00-04:00,548.35,548.74,546.0664,548.5,193161,564.2476,282.39,543.87,531.29,False,False,False,False,False,False,up,1.7950000000000728,0.0022295917411424143
2025-04-24 14:00:00-04:00,548.5,548.87,547.26,547.77,149624,564.2476,282.39,543.87,531.29,False,False,False,False,False,False,up,1.7950000000000728,0.0022295917411424143
2025-04-24 14:15:00-04:00,547.78,548.58,546.69,548.4603,161940,564.2476,282.39,543.87,531.29,False,False,False,False,False,False,up,1.7950000000000728,0.0022295917411424143
2025-04-24 14:30:00-04:00,546.69,548.93,546.69,548.85,2510222,564.2476,282.39,543.87,531.29,False,False,False,False,False,False,up,1.7950000000000728,0.0022295917411424143
2025-04-24 14:45:00-04:00,548.8895,548.97,548.3301,548.55,86493,564.2476,282.39,543.87,531.29,False,False,False,False,False,False,up,1.7950000000000728,0.0022295917411424143
2025-04-24 15:00:00-04:00,548.549,548.7,548.35,548.48,7641,564.2476,282.39,543.87,531.29,False,False,False,False,False,False,up,1.7950000000000728,0.0022295917411424143
2025-04-24 15:15:00-04:00,548.46,548.96,548.25,548.5999,37125,564.2476,282.39,543.87,531.29,False,False,False,False,False,False,up,1.7950000000000728,0.0022295917411424143
2025-04-24 15:30:00-04:00,548.6,548.86,548.31,548.74,16334,564.2476,282.39,543.87,531.29,False,False,False,False,False,False,up,1.7950000000000728,0.0022295917411424143
2025-04-24 15:45:00-04:00,548.705,548.87,548.13,548.39,36841,564.2476,282.39,543.87,531.29,False,False,False,False,False,False,up,1.7950000000000728,0.0022295917411424143
2025-04-24 16:00:00-04:00,546.69,546.69,546.69,546.69,2453880,564.2476,282.39,543.87,531.29,False,False,False,False,False,False,up,1.7950000000000728,0.0022295917411424143
2025-04-25 00:00:00-04:00,549.0,549.95,548.92,549.25,22247,581.8076,518.8465,550.84,526.41,False,False,False,False,False,False,down,0.6299999999999955,-0.005428051001821527
2025-04-25 00:15:00-04:00,549.27,550.08,549.2,549.36,21348,581.8076,518.8465,550.84,526.41,False,False,False,False,False,False,down,0.6299999999999955,-0.005428051001821527
2025-04-25 00:30:00-04:00,549.34,549.43,548.39,548.92,11794,581.8076,518.8465,550.84,526.41,False,False,False,False,False,False,down,0.6299999999999955,-0.005428051001821527
2025-04-25 00:45:00-04:00,548.86,549.49,548.7,548.76,14118,581.8076,518.8465,550.84,526.41,False,False,False,False,False,False,down,0.6299999999999955,-0.005428051001821527
2025-04-25 01:00:00-04:00,548.84,548.94,548.18,548.3,28948,581.8076,518.8465,550.84,526.41,False,False,False,False,False,False,down,0.6299999999999955,-0.005428051001821527
2025-04-25 01:15:00-04:00,548.2,549.09,547.62,548.93,20465,581.8076,518.8465,550.84,526.41,False,False,False,False,False,False,down,0.6299999999999955,-0.005428051001821527
2025-04-25 01:30:00-04:00,548.93,548.95,548.13,548.23,8843,581.8076,518.8465,550.84,526.41,False,False,False,False,False,False,down,0.6299999999999955,-0.005428051001821527
2025-04-25 01:45:00-04:00,548.25,548.84,548.05,548.68,11237,581.8076,518.8465,550.84,526.41,False,False,False,False,False,False,down,0.6299999999999955,-0.005428051001821527
2025-04-25 02:00:00-04:00,548.68,548.68,547.54,547.92,15528,581.8076,518.8465,550.84,526.41,False,False,False,False,False,False,down,0.6299999999999955,-0.005428051001821527
2025-04-25 02:15:00-04:00,547.69,549.3,546.39,546.72,116883,581.8076,518.8465,550.84,526.41,False,False,False,False,False,False,down,0.6299999999999955,-0.005428051001821527
2025-04-25 02:30:00-04:00,546.72,547.2,545.08,545.3,76415,581.8076,518.8465,550.84,526.41,False,False,False,False,False,False,down,0.6299999999999955,-0.005428051001821527
2025-04-25 02:45:00-04:00,545.39,545.54,544.33,544.82,145415,581.8076,518.8465,550.84,526.41,False,False,False,False,False,False,down,0.6299999999999955,-0.005428051001821527
2025-04-25 03:00:00-04:00,544.62,546.17,544.4,546.02,252969,581.8076,518.8465,550.84,526.41,False,False,False,False,False,False,down,0.6299999999999955,-0.005428051001821527
2025-04-25 03:15:00-04:00,546.07,546.76,545.89,546.53,47043,581.8076,518.8465,550.84,526.41,False,False,False,False,False,False,down,0.6299999999999955,-0.005428051001821527
2025-04-25 03:30:00-04:00,546.43,546.5,545.0,545.0,71009,581.8076,518.8465,550.84,526.41,False,False,False,False,False,False,down,0.6299999999999955,-0.005428051001821527
2025-04-25 03:45:00-04:00,545.02,545.75,545.0,545.5,47214,581.8076,518.8465,550.84,526.41,False,False,False,False,False,False,down,0.6299999999999955,-0.005428051001821527
2025-04-25 04:00:00-04:00,545.5,550.84,544.4904,545.68,249243,581.8076,518.8465,550.84,526.41,False,False,False,False,False,False,down,0.6299999999999955,-0.005428051001821527
2025-04-25 04:15:00-04:00,545.7,546.4,545.08,545.475,238941,581.8076,518.8465,550.84,526.41,False,False,False,False,False,False,down,0.6299999999999955,-0.005428051001821527
2025-04-25 04:30:00-04:00,545.39,546.49,536.245,545.99,220092,581.8076,518.8465,550.84,526.41,False,False,False,False,False,False,down,0.6299999999999955,-0.005428051001821527
2025-04-25 04:45:00-04:00,545.91,546.69,545.1,545.28,99874,581.8076,518.8465,550.84,526.41,False,False,False,False,False,False,down,0.6299999999999955,-0.005428051001821527
2025-04-25 05:00:00-04:00,545.25,546.47,526.41,546.15,229578,581.8076,518.8465,550.84,526.41,False,False,False,False,False,False,down,0.6299999999999955,-0.005428051001821527
2025-04-25 05:15:00-04:00,546.15,546.85,546.0,546.71,146747,581.8076,518.8465,550.84,526.41,False,False,False,False,False,False,down,0.6299999999999955,-0.005428051001821527
2025-04-25 05:30:00-04:00,546.65,548.1142,545.65,546.42,2898183,581.8076,518.8465,550.84,526.41,False,False,False,False,False,False,down,0.6299999999999955,-0.005428051001821527
2025-04-25 05:45:00-04:00,546.43,546.91,544.72,544.88,2276850,581.8076,518.8465,550.84,526.41,False,False,False,False,False,False,down,0.6299999999999955,-0.005428051001821527
2025-04-25 06:00:00-04:00,544.94,547.93,544.82,547.56,2906904,581.8076,518.8465,550.84,526.41,False,False,False,False,False,False,down,0.6299999999999955,-0.005428051001821527
2025-04-25 06:15:00-04:00,547.55,547.8,543.89,544.56,3078748,581.8076,518.8465,550.84,526.41,False,False,False,False,False,False,down,0.6299999999999955,-0.005428051001821527
2025-04-25 06:30:00-04:00,544.6,546.94,543.69,546.7765,1913962,581.8076,518.8465,550.84,526.41,False,False,False,False,False,False,down,0.6299999999999955,-0.005428051001821527
2025-04-25 06:45:00-04:00,546.75,547.01,545.52,546.46,2096492,581.8076,518.8465,550.84,526.41,False,False,False,False,False,False,down,0.6299999999999955,-0.005428051001821527
2025-04-25 07:00:00-04:00,546.47,547.37,545.86,547.1999,924131,581.8076,518.8465,550.84,526.41,False,False,False,False,False,False,down,0.6299999999999955,-0.005428051001821527
2025-04-25 07:15:00-04:00,547.18,547.5,546.23,546.46,1060500,581.8076,518.8465,550.84,526.41,False,False,False,False,False,False,down,0.6299999999999955,-0.005428051001821527
2025-04-25 07:30:00-04:00,546.494,546.88,545.71,545.9,904586,581.8076,518.8465,550.84,526.41,False,False,False,False,False,False,down,0.6299999999999955,-0.005428051001821527
2025-04-25 07:45:00-04:00,545.95,547.3452,545.7,547.07,745027,581.8076,518.8465,550.84,526.41,False,False,False,False,False,False,down,0.6299999999999955,-0.005428051001821527
2025-04-25 08:00:00-04:00,547.09,547.67,546.96,547.58,1061446,581.8076,518.8465,550.84,526.41,False,False,False,False,False,False,down,0.6299999999999955,-0.005428051001821527
2025-04-25 08:15:00-04:00,547.58,548.57,547.4001,548.33,1396775,581.8076,518.8465,550.84,526.41,False,False,False,False,False,False,down,0.6299999999999955,-0.005428051001821527
2025-04-25 08:30:00-04:00,548.35,549.14,548.16,549.11,1070246,581.8076,518.8465,550.84,526.41,False,False,False,False,False,False,down,0.6299999999999955,-0.005428051001821527
2025-04-25 08:45:00-04:00,549.09,549.2,547.98,549.1,1177758,581.8076,518.8465,550.84,526.41,False,False,False,False,False,False,down,0.6299999999999955,-0.005428051001821527
2025-04-25 09:00:00-04:00,549.12,550.0,548.81,549.9804,1380058,581.8076,518.8465,550.84,526.41,False,False,False,False,False,False,down,0.6299999999999955,-0.005428051001821527
2025-04-25 09:15:00-04:00,549.98,551.05,549.65,550.9744,2054806,581.8076,518.8465,550.84,526.41,False,False,False,False,False,False,down,0.6299999999999955,-0.005428051001821527
2025-04-25 09:30:00-04:00,550.96,550.99,548.4405,549.11,3330980,581.8076,518.8465,550.84,526.41,False,False,False,False,False,False,down,0.6299999999999955,-0.005428051001821527
2025-04-25 09:45:00-04:00,549.13,549.13,546.76,547.91,2532262,581.8076,518.8465,550.84,526.41,False,False,False,False,False,False,down,0.6299999999999955,-0.005428051001821527
2025-04-25 10:00:00-04:00,547.9,549.39,547.535,548.88,1689190,581.8076,518.8465,550.84,526.41,False,False,False,False,False,False,down,0.6299999999999955,-0.005428051001821527
2025-04-25 10:15:00-04:00,548.88,550.15,548.75,549.74,1361470,581.8076,518.8465,550.84,526.41,False,False,False,False,False,False,down,0.6299999999999955,-0.005428051001821527
2025-04-25 10:30:00-04:00,549.75,550.75,549.58,550.57,1494338,581.8076,518.8465,550.84,526.41,False,False,False,False,False,False,down,0.6299999999999955,-0.005428051001821527
2025-04-25 10:45:00-04:00,550.57,550.665,549.305,549.84,1428437,581.8076,518.8465,550.84,526.41,False,False,False,False,False,False,down,0.6299999999999955,-0.005428051001821527
2025-04-25 11:00:00-04:00,549.8,550.62,549.64,549.92,1364548,581.8076,518.8465,550.84,526.41,False,False,False,False,False,False,down,0.6299999999999955,-0.005428051001821527
2025-04-25 11:15:00-04:00,549.91,550.5306,549.515,549.645,1720112,581.8076,518.8465,550.84,526.41,False,False,False,False,False,False,down,0.6299999999999955,-0.005428051001821527
2025-04-25 11:30:00-04:00,549.63,549.82,548.76,549.555,2458613,581.8076,518.8465,550.84,526.41,False,False,False,False,False,False,down,0.6299999999999955,-0.005428051001821527
2025-04-25 11:45:00-04:00,549.54,550.91,549.04,550.52,5777635,581.8076,518.8465,550.84,526.41,False,False,False,False,False,False,down,0.6299999999999955,-0.005428051001821527
2025-04-25 12:00:00-04:00,550.55,551.03,546.7264,551.0007,9185710,581.8076,518.8465,550.84,526.41,False,False,False,False,False,False,down,0.6299999999999955,-0.005428051001821527
2025-04-25 12:15:00-04:00,551.0299,551.4,546.7264,550.825,1804060,581.8076,518.8465,550.84,526.41,False,False,False,False,False,False,down,0.6299999999999955,-0.005428051001821527
2025-04-25 12:30:00-04:00,550.82,551.77,550.55,550.84,157039,581.8076,518.8465,550.84,526.41,False,False,False,False,False,False,down,0.6299999999999955,-0.005428051001821527
2025-04-25 12:45:00-04:00,550.79,575.3941,516.4665,550.86,38487,581.8076,518.8465,550.84,526.41,False,False,False,False,False,False,down,0.6299999999999955,-0.005428051001821527
2025-04-25 13:00:00-04:00,550.85,588.3531,523.4996,551.01,242639,581.8076,518.8465,550.84,526.41,False,False,False,False,False,False,down,0.6299999999999955,-0.005428051001821527
2025-04-25 13:15:00-04:00,551.0,551.075,550.82,550.95,82988,581.8076,518.8465,550.84,526.41,False,False,False,False,False,False,down,0.6299999999999955,-0.005428051001821527
2025-04-25 13:30:00-04:00,551.073,551.1,550.64,550.98,567966,581.8076,518.8465,550.84,526.41,False,False,False,False,False,False,down,0.6299999999999955,-0.005428051001821527
2025-04-25 13:45:00-04:00,550.94,551.0,550.59,550.6953,28487,581.8076,518.8465,550.84,526.41,False,False,False,False,False,False,down,0.6299999999999955,-0.005428051001821527
2025-04-25 14:00:00-04:00,550.68,550.7,550.565,550.62,41155,581.8076,518.8465,550.84,526.41,False,False,False,False,False,False,down,0.6299999999999955,-0.005428051001821527
2025-04-25 14:15:00-04:00,550.63,550.83,550.57,550.8,11395,581.8076,518.8465,550.84,526.41,False,False,False,False,False,False,down,0.6299999999999955,-0.005428051001821527
2025-04-25 14:30:00-04:00,550.64,551.0487,550.64,551.0472,1601428,581.8076,518.8465,550.84,526.41,False,False,False,False,False,False,down,0.6299999999999955,-0.005428051001821527
2025-04-25 14:45:00-04:00,551.0,551.15,550.94,551.1,12357,581.8076,518.8465,550.84,526.41,False,False,False,False,False,False,down,0.6299999999999955,-0.005428051001821527
2025-04-25 15:00:00-04:00,551.14,551.15,550.85,551.06,7862,581.8076,518.8465,550.84,526.41,False,False,False,False,False,False,down,0.6299999999999955,-0.005428051001821527
2025-04-25 15:15:00-04:00,551.08,551.15,550.99,551.109,8679,581.8076,518.8465,550.84,526.41,False,False,False,False,False,False,down,0.6299999999999955,-0.005428051001821527
2025-04-25 15:30:00-04:00,551.125,551.17,550.7,551.12,7317,581.8076,518.8465,550.84,526.41,False,False,False,False,False,False,down,0.6299999999999955,-0.005428051001821527
2025-04-25 15:45:00-04:00,551.1,551.25,551.06,551.2293,16162,581.8076,518.8465,550.84,526.41,False,False,False,False,False,False,down,0.6299999999999955,-0.005428051001821527
2025-04-25 16:00:00-04:00,550.64,550.64,550.64,550.64,1571349,581.8076,518.8465,550.84,526.41,False,False,False,False,False,False,down,0.6299999999999955,-0.005428051001821527
