"timestamp","open","high","low","close","volume"
"2025-04-25 20:00:00","550.6400","550.6400","550.6400","550.6400","1571349"
"2025-04-25 19:45:00","551.1000","551.2500","551.0600","551.2293","16162"
"2025-04-25 19:30:00","551.1250","551.1700","550.7000","551.1200","7317"
"2025-04-25 19:15:00","551.0800","551.1500","550.9900","551.1090","8679"
"2025-04-25 19:00:00","551.1400","551.1500","550.8500","551.0600","7862"
"2025-04-25 18:45:00","551.0000","551.1500","550.9400","551.1000","12357"
"2025-04-25 18:30:00","550.6400","551.0487","550.6400","551.0472","1601428"
"2025-04-25 18:15:00","550.6300","550.8300","550.5700","550.8000","11395"
"2025-04-25 18:00:00","550.6800","550.7000","550.5650","550.6200","41155"
"2025-04-25 17:45:00","550.9400","551.0000","550.5900","550.6953","28487"
"2025-04-25 17:30:00","551.0730","551.1000","550.6400","550.9800","567966"
"2025-04-25 17:15:00","551.0000","551.0750","550.8200","550.9500","82988"
"2025-04-25 17:00:00","550.8500","588.3531","523.4996","551.0100","242639"
"2025-04-25 16:45:00","550.7900","575.3941","516.4665","550.8600","38487"
"2025-04-25 16:30:00","550.8200","551.7700","550.5500","550.8400","157039"
"2025-04-25 16:15:00","551.0299","551.4000","546.7264","550.8250","1804060"
"2025-04-25 16:00:00","550.5500","551.0300","546.7264","551.0007","9185710"
"2025-04-25 15:45:00","549.5400","550.9100","549.0400","550.5200","5777635"
"2025-04-25 15:30:00","549.6300","549.8200","548.7600","549.5550","2458613"
"2025-04-25 15:15:00","549.9100","550.5306","549.5150","549.6450","1720112"
"2025-04-25 15:00:00","549.8000","550.6200","549.6400","549.9200","1364548"
"2025-04-25 14:45:00","550.5700","550.6650","549.3050","549.8400","1428437"
"2025-04-25 14:30:00","549.7500","550.7500","549.5800","550.5700","1494338"
"2025-04-25 14:15:00","548.8800","550.1500","548.7500","549.7400","1361470"
"2025-04-25 14:00:00","547.9000","549.3900","547.5350","548.8800","1689190"
"2025-04-25 13:45:00","549.1300","549.1300","546.7600","547.9100","2532262"
"2025-04-25 13:30:00","550.9600","550.9900","548.4405","549.1100","3330980"
"2025-04-25 13:15:00","549.9800","551.0500","549.6500","550.9744","2054806"
"2025-04-25 13:00:00","549.1200","550.0000","548.8100","549.9804","1380058"
"2025-04-25 12:45:00","549.0900","549.2000","547.9800","549.1000","1177758"
"2025-04-25 12:30:00","548.3500","549.1400","548.1600","549.1100","1070246"
"2025-04-25 12:15:00","547.5800","548.5700","547.4001","548.3300","1396775"
"2025-04-25 12:00:00","547.0900","547.6700","546.9600","547.5800","1061446"
"2025-04-25 11:45:00","545.9500","547.3452","545.7000","547.0700","745027"
"2025-04-25 11:30:00","546.4940","546.8800","545.7100","545.9000","904586"
"2025-04-25 11:15:00","547.1800","547.5000","546.2300","546.4600","1060500"
"2025-04-25 11:00:00","546.4700","547.3700","545.8600","547.1999","924131"
"2025-04-25 10:45:00","546.7500","547.0100","545.5200","546.4600","2096492"
"2025-04-25 10:30:00","544.6000","546.9400","543.6900","546.7765","1913962"
"2025-04-25 10:15:00","547.5500","547.8000","543.8900","544.5600","3078748"
"2025-04-25 10:00:00","544.9400","547.9300","544.8200","547.5600","2906904"
"2025-04-25 09:45:00","546.4300","546.9100","544.7200","544.8800","2276850"
"2025-04-25 09:30:00","546.6500","548.1142","545.6500","546.4200","2898183"
"2025-04-25 09:15:00","546.1500","546.8500","546.0000","546.7100","146747"
"2025-04-25 09:00:00","545.2500","546.4700","526.4100","546.1500","229578"
"2025-04-25 08:45:00","545.9100","546.6900","545.1000","545.2800","99874"
"2025-04-25 08:30:00","545.3900","546.4900","536.2450","545.9900","220092"
"2025-04-25 08:15:00","545.7000","546.4000","545.0800","545.4750","238941"
"2025-04-25 08:00:00","545.5000","550.8400","544.4904","545.6800","249243"
"2025-04-25 07:45:00","545.0200","545.7500","545.0000","545.5000","47214"
"2025-04-25 07:30:00","546.4300","546.5000","545.0000","545.0000","71009"
"2025-04-25 07:15:00","546.0700","546.7600","545.8900","546.5300","47043"
"2025-04-25 07:00:00","544.6200","546.1700","544.4000","546.0200","252969"
"2025-04-25 06:45:00","545.3900","545.5400","544.3300","544.8200","145415"
"2025-04-25 06:30:00","546.7200","547.2000","545.0800","545.3000","76415"
"2025-04-25 06:15:00","547.6900","549.3000","546.3900","546.7200","116883"
"2025-04-25 06:00:00","548.6800","548.6800","547.5400","547.9200","15528"
"2025-04-25 05:45:00","548.2500","548.8400","548.0500","548.6800","11237"
"2025-04-25 05:30:00","548.9300","548.9500","548.1300","548.2300","8843"
"2025-04-25 05:15:00","548.2000","549.0900","547.6200","548.9300","20465"
"2025-04-25 05:00:00","548.8400","548.9400","548.1800","548.3000","28948"
"2025-04-25 04:45:00","548.8600","549.4900","548.7000","548.7600","14118"
"2025-04-25 04:30:00","549.3400","549.4300","548.3900","548.9200","11794"
"2025-04-25 04:15:00","549.2700","550.0800","549.2000","549.3600","21348"
"2025-04-25 04:00:00","549.0000","549.9500","548.9200","549.2500","22247"
"2025-04-24 20:00:00","546.6900","546.6900","546.6900","546.6900","2453880"
"2025-04-24 19:45:00","548.7050","548.8700","548.1300","548.3900","36841"
"2025-04-24 19:30:00","548.6000","548.8600","548.3100","548.7400","16334"
"2025-04-24 19:15:00","548.4600","548.9600","548.2500","548.5999","37125"
"2025-04-24 19:00:00","548.5490","548.7000","548.3500","548.4800","7641"
"2025-04-24 18:45:00","548.8895","548.9700","548.3301","548.5500","86493"
"2025-04-24 18:30:00","546.6900","548.9300","546.6900","548.8500","2510222"
"2025-04-24 18:15:00","547.7800","548.5800","546.6900","548.4603","161940"
"2025-04-24 18:00:00","548.5000","548.8700","547.2600","547.7700","149624"
"2025-04-24 17:45:00","548.3500","548.7400","546.0664","548.5000","193161"
"2025-04-24 17:30:00","548.2000","548.3900","548.0517","548.3500","24122"
"2025-04-24 17:15:00","548.0100","548.2000","546.6900","548.2000","362059"
"2025-04-24 17:00:00","547.3900","571.2973","518.8465","548.0100","524051"
"2025-04-24 16:45:00","547.7006","581.8076","518.8465","547.3100","149063"
"2025-04-24 16:30:00","547.3500","547.9700","545.4243","547.7250","153717"
"2025-04-24 16:15:00","547.6200","547.7800","535.8812","547.3800","645578"
"2025-04-24 16:00:00","546.5500","549.3900","535.8812","547.5700","12495127"
"2025-04-24 15:45:00","546.4100","547.4300","546.1225","546.5400","8041710"
"2025-04-24 15:30:00","544.8900","546.5400","544.7500","546.3900","2572163"
"2025-04-24 15:15:00","544.7800","546.0200","544.7100","544.8700","2064075"
"2025-04-24 15:00:00","546.0500","546.1000","544.2800","544.8052","2335292"
"2025-04-24 14:45:00","546.2500","546.9000","546.0800","546.0800","1286823"
"2025-04-24 14:30:00","545.5100","546.5550","545.4300","546.2550","1270273"
"2025-04-24 14:15:00","545.6200","545.8800","545.0300","545.5100","1223965"
"2025-04-24 14:00:00","545.2900","546.3300","545.2200","545.6100","2104102"
"2025-04-24 13:45:00","544.7200","545.5795","544.3700","545.2700","1020598"
"2025-04-24 13:30:00","544.9800","545.5900","544.4000","544.6701","961682"
"2025-04-24 13:15:00","545.0700","545.2900","544.0300","544.9800","1148722"
"2025-04-24 13:00:00","545.4300","545.4600","544.6900","545.1300","981928"
"2025-04-24 12:45:00","544.9000","545.8479","544.3400","545.4400","1222395"
"2025-04-24 12:30:00","544.4400","545.3500","544.2950","544.8900","1845154"
"2025-04-24 12:15:00","543.4357","544.9700","543.3000","544.4400","1785082"
"2025-04-24 12:00:00","542.8100","543.5100","542.2503","543.4750","917741"
"2025-04-24 11:45:00","542.4400","543.9000","542.2500","542.7600","1890550"
"2025-04-24 11:30:00","542.5100","543.1900","541.8900","542.4600","1056565"
"2025-04-24 11:15:00","543.5300","543.8100","542.0900","542.4800","1686733"
"2025-04-24 11:00:00","542.4500","543.8700","541.9700","543.5200","1814213"
"2025-04-24 10:45:00","542.0500","542.7000","540.9900","542.4600","2166025"
"2025-04-24 10:30:00","542.2300","543.3100","541.5300","542.0400","2938773"
"2025-04-24 10:15:00","539.9800","542.3300","539.5300","542.2342","2022861"
"2025-04-24 10:00:00","539.4800","540.4000","539.0100","539.9699","2894449"
"2025-04-24 09:45:00","537.7700","539.6462","537.7400","539.4800","2191531"
"2025-04-24 09:30:00","536.7150","537.9300","535.4504","537.7800","2519458"
"2025-04-24 09:15:00","535.9000","536.7900","535.7600","536.7400","430324"
"2025-04-24 09:00:00","536.0600","536.3500","535.5700","535.9000","226700"
"2025-04-24 08:45:00","536.3185","536.4000","535.4200","536.1100","106317"
"2025-04-24 08:30:00","534.7700","536.4000","534.5000","536.3000","219615"
"2025-04-24 08:15:00","534.9300","535.4200","534.2500","534.7900","141842"
"2025-04-24 08:00:00","535.7600","535.9700","531.2900","534.8800","210211"
"2025-04-24 07:45:00","533.7500","534.4100","533.7400","534.3000","42053"
"2025-04-24 07:30:00","534.3000","535.8000","533.5500","533.8000","168689"
"2025-04-24 07:15:00","534.9000","534.9500","534.0800","534.3100","98562"
"2025-04-24 07:00:00","535.9600","536.0300","534.8100","534.9200","152803"
"2025-04-24 06:45:00","535.0400","536.4500","534.8900","535.9600","105503"
"2025-04-24 06:30:00","533.7900","535.0300","533.5600","535.0300","36758"
"2025-04-24 06:15:00","533.5500","533.8000","533.0200","533.7600","37559"
"2025-04-24 06:00:00","533.2000","534.0000","533.1800","533.5500","16209"
"2025-04-24 05:45:00","533.1200","533.4800","532.7600","533.2000","99074"
"2025-04-24 05:30:00","532.4900","533.1300","532.4900","533.1200","10002"
"2025-04-24 05:15:00","532.4800","532.7300","532.2900","532.4800","7179"
"2025-04-24 05:00:00","532.1400","532.4800","532.0400","532.4600","11456"
"2025-04-24 04:45:00","531.5400","532.0900","531.1000","532.0400","9056"
"2025-04-24 04:30:00","532.1500","532.3100","531.1900","531.5700","23852"
"2025-04-24 04:15:00","532.8400","533.1200","532.0600","532.1800","15978"
"2025-04-24 04:00:00","533.7300","533.7300","532.5000","532.7800","25453"
"2025-04-23 20:00:00","535.4200","535.4200","535.4200","535.4200","1232668"
"2025-04-23 19:45:00","536.3700","538.5384","534.0442","536.6200","16999"
"2025-04-23 19:30:00","536.5800","536.5800","535.9200","536.4700","15351"
"2025-04-23 19:15:00","536.4200","537.0700","536.3000","536.5400","33940"
"2025-04-23 19:00:00","536.0600","536.6565","535.9500","536.5299","10687"
"2025-04-23 18:45:00","535.9200","536.2700","535.7108","536.1104","14534"
"2025-04-23 18:30:00","535.4200","536.3800","535.2000","535.9150","1263235"
"2025-04-23 18:15:00","534.6200","535.4200","534.4400","535.2300","89443"
"2025-04-23 18:00:00","536.2700","545.1700","534.4600","534.5900","99883"
"2025-04-23 17:45:00","536.3400","536.5000","535.5000","535.9400","79073"
"2025-04-23 17:30:00","537.0500","543.5300","515.4200","536.3400","57462"
"2025-04-23 17:15:00","537.4900","555.0000","282.3900","537.0600","185392"
"2025-04-23 17:00:00","544.4300","545.1800","535.4200","537.5600","387712"
"2025-04-23 16:45:00","543.6700","564.2476","502.1271","544.3500","386783"
"2025-04-23 16:30:00","537.8983","555.0083","503.1869","543.7100","490697"
"2025-04-23 16:15:00","535.5800","544.9688","527.1094","537.8900","1401243"
"2025-04-23 16:00:00","535.3800","545.1788","527.1094","535.5850","8099284"
"2025-04-23 15:45:00","534.7150","544.5441","534.0300","535.4100","10041052"
"2025-04-23 15:30:00","534.7100","535.7900","533.8800","534.7100","2899610"
"2025-04-23 15:15:00","535.5750","545.0600","534.1000","534.6300","2204033"
"2025-04-23 15:00:00","536.3600","545.1300","535.0400","535.6000","1778734"
"2025-04-23 14:45:00","535.9950","544.2900","535.8000","536.3600","1789625"
"2025-04-23 14:30:00","536.5700","545.0950","535.9700","536.0000","1670244"
"2025-04-23 14:15:00","538.0600","543.5785","536.2600","536.5700","2098366"
"2025-04-23 14:00:00","538.3400","544.7800","537.0200","538.0200","2103999"
"2025-04-23 13:45:00","537.5204","545.1325","536.7500","538.3600","1396288"
"2025-04-23 13:30:00","538.2100","538.8500","536.3400","537.5100","1404564"
"2025-04-23 13:15:00","539.0400","545.1606","538.2000","538.2000","1217644"
"2025-04-23 13:00:00","538.2000","545.1100","536.1900","539.0500","1865391"
"2025-04-23 12:45:00","537.2400","545.1075","535.7900","538.2200","1809514"
"2025-04-23 12:30:00","536.3000","545.0200","536.0900","537.2400","2012601"
"2025-04-23 12:15:00","536.1500","545.1600","534.0000","536.3000","2747079"
"2025-04-23 12:00:00","537.4200","545.1300","535.6400","536.1100","1824645"
"2025-04-23 11:45:00","537.8935","545.1000","535.5700","537.4300","2293563"
"2025-04-23 11:30:00","538.5900","544.9200","536.9400","537.8900","2995489"
"2025-04-23 11:15:00","542.2900","543.9300","537.6700","538.6000","4362424"
"2025-04-23 11:00:00","542.5400","543.7700","540.8000","542.2501","2478399"
"2025-04-23 10:45:00","544.3300","545.1600","540.7600","542.5550","2442801"
"2025-04-23 10:30:00","543.8200","545.2000","540.9702","544.3500","1812562"
"2025-04-23 10:15:00","543.1800","544.2865","540.7500","543.8800","3092138"
"2025-04-23 10:00:00","543.5950","545.4300","541.3400","543.1700","4469639"
"2025-04-23 09:45:00","542.6300","544.9900","541.7800","543.5600","6469971"
"2025-04-23 09:30:00","540.4300","544.9100","539.5101","542.7487","10118977"
"2025-04-23 09:15:00","539.6150","540.8400","539.5806","540.5000","244771"
"2025-04-23 09:00:00","540.9300","541.0000","539.0700","539.6100","242229"
"2025-04-23 08:45:00","540.3800","541.0600","519.7800","540.9450","131437"
"2025-04-23 08:30:00","539.3200","540.4700","539.2000","540.3300","213387"
"2025-04-23 08:15:00","539.2800","539.6000","539.2000","539.3200","99944"
"2025-04-23 08:00:00","540.1700","540.7100","527.2500","539.2650","271361"
"2025-04-23 07:45:00","538.9990","539.5000","538.5500","538.5700","86459"
"2025-04-23 07:30:00","539.2600","539.6800","538.9100","538.9600","186118"
"2025-04-23 07:15:00","540.3900","540.5300","539.2600","539.2700","103921"
"2025-04-23 07:00:00","540.1200","540.7200","540.0000","540.4000","159179"
"2025-04-23 06:45:00","539.6600","540.4900","539.6500","540.1700","75260"
"2025-04-23 06:30:00","538.9700","539.6500","538.7200","539.5800","66901"
"2025-04-23 06:15:00","538.0300","539.0000","538.0300","539.0000","86023"
"2025-04-23 06:00:00","538.0500","538.4600","537.9600","538.1300","18215"
"2025-04-23 05:45:00","537.3400","538.2200","537.2000","538.0100","19606"
"2025-04-23 05:30:00","537.9600","537.9900","537.1900","537.1900","45919"
"2025-04-23 05:15:00","538.4100","538.5200","537.8600","537.8900","33912"
"2025-04-23 05:00:00","537.9400","538.4400","537.9400","538.3800","59079"
"2025-04-23 04:45:00","538.4100","538.8000","537.8300","537.8900","23125"
"2025-04-23 04:30:00","537.4700","538.5400","537.4700","538.3600","25136"
"2025-04-23 04:15:00","537.6000","537.7800","537.2900","537.4900","49626"
"2025-04-23 04:00:00","536.6300","537.6000","535.2200","537.6000","41401"
"2025-04-22 20:00:00","527.2500","527.2500","527.2500","527.2500","1431434"
"2025-04-22 19:45:00","536.2300","537.0000","536.0000","536.6100","79078"
"2025-04-22 19:30:00","536.2499","536.4750","535.8000","536.2200","44359"
"2025-04-22 19:15:00","537.6500","537.7100","535.9400","536.2900","58716"
"2025-04-22 19:00:00","537.0000","537.7296","536.6200","537.6997","98755"
"2025-04-22 18:45:00","535.9000","537.0100","535.5300","537.0000","112776"
"2025-04-22 18:30:00","527.2500","535.9500","527.2500","535.9000","1486760"
"2025-04-22 18:15:00","534.6700","535.7000","534.0800","535.6800","128508"
"2025-04-22 18:00:00","535.4600","536.9600","533.2800","534.7000","585578"
"2025-04-22 17:45:00","537.6183","537.8300","534.0000","535.4800","483393"
"2025-04-22 17:30:00","534.1550","537.7500","533.0000","537.5500","804526"
"2025-04-22 17:15:00","527.1100","534.4000","527.0600","534.0600","1065884"
"2025-04-22 17:00:00","526.9250","527.2500","499.4202","527.0700","1044979"
"2025-04-22 16:45:00","527.1900","559.6838","494.5067","557.7841","775794"
"2025-04-22 16:30:00","527.2600","527.5600","504.1612","527.2600","310362"
"2025-04-22 16:15:00","526.9300","527.3299","514.1975","527.2300","645274"
"2025-04-22 16:00:00","526.9400","528.8100","524.4393","526.8801","8251078"
"2025-04-22 15:45:00","526.1700","527.5000","525.7100","526.9400","7776242"
"2025-04-22 15:30:00","524.6700","526.5500","524.2100","526.1799","2818086"
"2025-04-22 15:15:00","525.7650","525.9400","524.2500","524.6900","2187372"
"2025-04-22 15:00:00","526.7500","527.1300","525.5500","525.7500","1844186"
"2025-04-22 14:45:00","526.0700","527.2300","526.0700","526.7600","1338996"
"2025-04-22 14:30:00","525.3900","526.3700","525.3500","526.0800","1282717"
"2025-04-22 14:15:00","524.4300","525.6700","523.9500","525.3900","1687282"
"2025-04-22 14:00:00","521.8500","524.4699","521.7800","524.4500","1753633"
"2025-04-22 13:45:00","523.2400","523.3500","521.7600","521.8500","1541840"
"2025-04-22 13:30:00","522.5700","523.9327","522.0200","523.2300","2439393"
"2025-04-22 13:15:00","525.7100","525.7750","522.3300","522.6500","4251409"
"2025-04-22 13:00:00","527.5700","528.9700","525.3200","525.6810","3845596"
"2025-04-22 12:45:00","528.2400","528.3400","526.9300","527.5595","1362334"
"2025-04-22 12:30:00","528.7900","529.1100","527.3200","528.2300","1920883"
"2025-04-22 12:15:00","528.0700","529.3050","527.5700","528.8000","1852481"
"2025-04-22 12:00:00","526.2000","528.2500","526.2000","528.0800","4672375"
"2025-04-22 11:45:00","523.8900","526.5500","523.7600","526.1700","2357789"
"2025-04-22 11:30:00","524.9500","525.2650","523.8100","523.8886","1719425"
"2025-04-22 11:15:00","525.5550","525.8138","524.9000","524.9400","1736486"
"2025-04-22 11:00:00","524.6700","525.6000","524.5900","525.5599","1823740"
"2025-04-22 10:45:00","523.8900","524.8900","523.3300","524.6700","1889120"
"2025-04-22 10:30:00","523.0700","523.9200","522.2600","523.9000","1503641"
"2025-04-22 10:15:00","522.7500","523.4300","522.0800","523.0600","1716376"
"2025-04-22 10:00:00","521.9600","523.4400","521.7300","522.7800","2241138"
"2025-04-22 09:45:00","521.4300","522.3000","520.7750","521.8900","2334114"
"2025-04-22 09:30:00","520.1400","521.4500","519.1925","521.4200","2958612"
"2025-04-22 09:15:00","519.6400","520.1800","519.2100","520.1800","249255"
"2025-04-22 09:00:00","519.4000","519.7700","519.2900","519.6500","214985"
"2025-04-22 08:45:00","518.6000","519.4300","513.8800","519.4200","130736"
"2025-04-22 08:30:00","518.4608","518.6900","518.2400","518.6196","68532"
"2025-04-22 08:15:00","517.8650","518.5100","517.7900","518.5000","87926"
"2025-04-22 08:00:00","518.8300","521.0000","513.8800","517.9400","168210"
"2025-04-22 07:45:00","517.9010","518.2700","517.2900","517.6700","117973"
"2025-04-22 07:30:00","518.4000","518.8100","517.7600","517.9010","43684"
"2025-04-22 07:15:00","517.9900","518.5500","517.8300","518.4000","46609"
"2025-04-22 07:00:00","518.7800","519.0000","517.6700","518.0500","91557"
"2025-04-22 06:45:00","519.0800","519.1500","518.4600","518.7500","12387"
"2025-04-22 06:30:00","518.7600","519.3700","518.5100","519.1400","17997"
"2025-04-22 06:15:00","519.0500","519.1300","518.6000","518.7000","28538"
"2025-04-22 06:00:00","518.8700","519.1800","518.6000","519.0500","7790"
"2025-04-22 05:45:00","519.0700","519.2800","518.8600","518.9000","3932"
"2025-04-22 05:30:00","519.3300","519.4200","519.0300","519.1500","13156"
"2025-04-22 05:15:00","518.9100","519.4300","518.4000","519.3200","9729"
"2025-04-22 05:00:00","519.2600","519.4500","518.8200","518.9600","23971"
"2025-04-22 04:45:00","519.4300","519.4300","518.7500","519.2000","27102"
"2025-04-22 04:30:00","518.7000","519.5900","518.6500","519.4800","18099"
"2025-04-22 04:15:00","518.3200","518.8500","518.0400","518.6700","10899"
"2025-04-22 04:00:00","517.7700","519.1400","517.7700","518.2300","28968"
"2025-04-21 20:00:00","513.8800","513.8800","513.8800","513.8800","2614120"
"2025-04-21 19:45:00","514.2800","516.1000","514.1000","516.0500","87176"
"2025-04-21 19:30:00","513.9990","514.4000","513.9000","514.2800","13141"
"2025-04-21 19:15:00","513.8197","514.1900","513.6000","513.9987","9516"
"2025-04-21 19:00:00","513.6600","513.9300","513.5900","513.8104","7027"
"2025-04-21 18:45:00","514.0250","514.0900","513.6000","513.6120","5935"
"2025-04-21 18:30:00","513.8800","514.4700","512.9600","514.0100","2659529"
"2025-04-21 18:15:00","513.4386","513.4600","512.7610","512.9500","27257"
"2025-04-21 18:00:00","513.8900","514.2600","513.1900","513.3500","157826"
"2025-04-21 17:45:00","513.9886","513.9900","513.8800","513.8800","11884"
"2025-04-21 17:30:00","513.9496","514.2000","513.8500","513.9300","28541"
"2025-04-21 17:15:00","513.9900","541.6498","488.8931","513.9000","13936"
"2025-04-21 17:00:00","514.0000","541.6498","484.9358","513.9900","25885"
"2025-04-21 16:45:00","513.6200","533.6705","484.9358","513.9300","204660"
"2025-04-21 16:30:00","513.4500","513.8450","513.4000","513.6300","113719"
"2025-04-21 16:15:00","513.5500","526.5841","513.3300","513.4500","719700"
"2025-04-21 16:00:00","513.9900","526.5841","510.0500","513.5806","10839322"
"2025-04-21 15:45:00","512.2000","514.8700","511.7000","513.9800","8651646"
"2025-04-21 15:30:00","510.3600","512.5000","510.3600","512.2200","4195602"
"2025-04-21 15:15:00","510.0200","511.1700","509.8700","510.3650","2919431"
"2025-04-21 15:00:00","508.7700","510.4300","508.7300","510.0400","3231436"
"2025-04-21 14:45:00","509.3950","509.6200","508.6900","508.7701","2396069"
"2025-04-21 14:30:00","509.9000","510.6600","509.3200","509.4000","1713672"
"2025-04-21 14:15:00","508.9400","509.9799","508.8500","509.9100","1861014"
"2025-04-21 14:00:00","508.9500","509.2300","508.4600","508.9600","1707735"
"2025-04-21 13:45:00","509.6700","509.8399","508.7400","508.9400","1236693"
"2025-04-21 13:30:00","509.9500","510.5100","509.3200","509.7000","1473819"
"2025-04-21 13:15:00","509.7800","510.7404","509.5409","509.9612","1622932"
"2025-04-21 13:00:00","511.2562","511.7399","509.6300","509.8000","2787713"
"2025-04-21 12:45:00","512.8900","513.1000","511.1200","511.2400","1689240"
"2025-04-21 12:30:00","511.6600","513.2500","511.6000","512.8801","2071021"
"2025-04-21 12:15:00","512.1900","512.1900","511.3600","511.6600","1614304"
"2025-04-21 12:00:00","511.0500","512.2300","511.0100","512.1700","1701143"
"2025-04-21 11:45:00","511.8300","511.9251","510.8000","511.0699","1843643"
"2025-04-21 11:30:00","513.1100","513.3600","511.7500","511.8400","2220730"
"2025-04-21 11:15:00","513.7500","514.3400","512.7900","513.1100","1421659"
"2025-04-21 11:00:00","514.5800","515.0600","513.7200","513.8100","1793995"
"2025-04-21 10:45:00","515.3900","516.0000","514.3890","514.6000","1945321"
"2025-04-21 10:30:00","515.6400","516.8600","515.0900","515.3600","2053427"
"2025-04-21 10:15:00","516.6900","516.8400","515.1900","515.6300","1847432"
"2025-04-21 10:00:00","517.5100","517.5100","516.2600","516.7100","2251009"
"2025-04-21 09:45:00","519.4800","519.9900","517.5200","517.5600","2071632"
"2025-04-21 09:30:00","521.1600","521.7000","519.0000","519.5200","2773225"
"2025-04-21 09:15:00","520.4800","521.1800","520.4500","521.1700","78417"
"2025-04-21 09:00:00","520.9400","532.0100","520.4000","520.5200","96526"
"2025-04-21 08:45:00","521.1300","526.4100","520.8100","520.9500","57401"
"2025-04-21 08:30:00","520.9800","521.5100","520.7000","521.0700","90808"
"2025-04-21 08:15:00","520.4100","521.0600","520.1800","520.9600","55750"
"2025-04-21 08:00:00","520.9675","526.4100","519.3000","520.4600","250139"
"2025-04-21 07:45:00","519.7400","520.0500","519.2500","520.0000","141699"
"2025-04-21 07:30:00","520.1600","520.2500","519.5500","519.7300","54498"
"2025-04-21 07:15:00","521.7100","521.7100","519.3600","520.1100","130948"
"2025-04-21 07:00:00","521.6900","522.4500","521.6000","521.7100","84185"
"2025-04-21 06:45:00","521.2500","521.7800","521.1700","521.6500","7526"
"2025-04-21 06:30:00","520.8000","521.2000","520.7000","521.1500","19916"
"2025-04-21 06:15:00","521.3900","521.3900","520.7300","520.8500","5561"
"2025-04-21 06:00:00","521.1800","521.5600","521.1200","521.4000","26470"
"2025-04-21 05:45:00","520.5700","521.2400","520.5500","521.0900","6169"
"2025-04-21 05:30:00","521.0200","521.1000","520.5900","520.6500","3678"
"2025-04-21 05:15:00","520.7900","521.2500","520.4800","521.0300","13692"
"2025-04-21 05:00:00","521.3000","521.4600","520.5600","520.8000","16261"
"2025-04-21 04:45:00","521.3100","521.3700","520.9100","521.3000","15656"
"2025-04-21 04:30:00","521.2800","521.5900","521.1900","521.3300","10645"
"2025-04-21 04:15:00","521.0300","521.3900","520.8900","521.2800","6554"
"2025-04-21 04:00:00","524.3000","524.3000","520.6700","521.0900","27422"
"2025-04-17 20:00:00","526.4100","526.4100","526.4100","526.4100","1934911"
"2025-04-17 19:45:00","527.2000","527.2500","527.0000","527.2000","12849"
"2025-04-17 19:30:00","527.1300","527.2500","526.7600","527.2500","11645"
"2025-04-17 19:15:00","526.9200","527.1300","526.9000","527.1300","15349"
"2025-04-17 19:00:00","526.6600","526.9300","526.6400","526.9000","15160"
"2025-04-17 18:45:00","526.5591","526.7100","526.4100","526.6800","31615"
"2025-04-17 18:30:00","526.4100","526.6200","526.4000","526.4850","1955058"
"2025-04-17 18:15:00","526.6500","526.8000","526.4501","526.5600","20322"
"2025-04-17 18:00:00","526.6850","526.8900","526.5413","526.6600","388059"
"2025-04-17 17:45:00","527.0000","545.1100","526.6500","526.6900","38224"
"2025-04-17 17:30:00","527.2200","527.4000","526.8500","526.9350","30461"
"2025-04-17 17:15:00","527.6000","527.7400","519.8712","527.2450","40761"
"2025-04-17 17:00:00","527.9000","528.0400","519.8712","527.7381","400480"
"2025-04-17 16:45:00","527.2800","528.3700","527.2300","527.7900","428067"
"2025-04-17 16:30:00","526.8300","527.3800","525.8447","527.2600","920699"
"2025-04-17 16:15:00","527.8000","528.0300","525.8447","526.8200","2615837"
"2025-04-17 16:00:00","526.3700","528.1300","525.8447","527.8000","9788120"
"2025-04-17 15:45:00","527.8200","527.9700","525.7100","526.3900","7614931"
"2025-04-17 15:30:00","527.3600","528.5100","527.1100","527.7600","4213385"
"2025-04-17 15:15:00","527.3100","528.1200","526.6300","527.3100","2100326"
"2025-04-17 15:00:00","528.5400","528.8000","526.9700","527.3200","2004156"
"2025-04-17 14:45:00","530.3100","530.7700","528.5200","528.5200","2832758"
"2025-04-17 14:30:00","530.0200","530.9200","530.0000","530.3185","1032814"
"2025-04-17 14:15:00","530.0000","531.1650","529.8100","530.0200","2948204"
"2025-04-17 14:00:00","529.5796","530.9300","529.3600","529.9800","1964137"
"2025-04-17 13:45:00","528.4400","530.3285","528.3900","529.5700","1820329"
"2025-04-17 13:30:00","527.6900","530.0400","527.6700","528.4700","1895686"
"2025-04-17 13:15:00","528.8000","529.0100","527.6100","527.6800","905886"
"2025-04-17 13:00:00","529.9200","530.3386","528.6203","528.7800","994497"
"2025-04-17 12:45:00","528.1300","530.4100","527.7700","529.9105","1281614"
"2025-04-17 12:30:00","529.4500","530.2600","527.8500","528.1250","2150633"
"2025-04-17 12:15:00","527.9800","529.8700","527.3200","529.4500","2198343"
"2025-04-17 12:00:00","526.7600","528.9200","526.2200","527.9100","4255041"
"2025-04-17 11:45:00","527.1200","528.0300","526.4800","526.7600","1043362"
"2025-04-17 11:30:00","526.7100","528.6000","526.6000","527.1000","977022"
"2025-04-17 11:15:00","528.2500","528.8500","526.5000","526.7100","6126238"
"2025-04-17 11:00:00","525.0900","528.3100","525.0250","528.2648","2352493"
"2025-04-17 10:45:00","525.7600","526.2586","525.0300","525.0800","2584667"
"2025-04-17 10:30:00","525.2800","525.9000","523.9100","525.7500","3265762"
"2025-04-17 10:15:00","527.3800","527.6700","525.1601","525.2800","1960424"
"2025-04-17 10:00:00","528.6800","529.1500","527.0200","527.4100","2265150"
"2025-04-17 09:45:00","527.5100","529.3100","526.5300","528.7400","3244681"
"2025-04-17 09:30:00","527.6400","528.4900","526.3600","527.4900","3810129"
"2025-04-17 09:15:00","527.9600","529.1600","527.4000","527.6500","366997"
"2025-04-17 09:00:00","528.7300","528.8000","527.0600","527.9350","281194"
"2025-04-17 08:45:00","528.8600","529.5050","525.6600","528.7800","86432"
"2025-04-17 08:30:00","528.4000","530.0400","525.6600","528.8500","135643"
"2025-04-17 08:15:00","528.5100","528.9800","528.3400","528.4000","54093"
"2025-04-17 08:00:00","531.5415","532.3100","525.6600","528.5100","621073"
"2025-04-17 07:45:00","527.9200","528.4900","527.8000","528.2500","23005"
"2025-04-17 07:30:00","528.3400","528.5800","527.4300","527.9600","78144"
"2025-04-17 07:15:00","527.3900","528.4000","527.1900","528.3000","68261"
"2025-04-17 07:00:00","528.3500","528.8000","527.3500","527.3500","55528"
"2025-04-17 06:45:00","527.9800","528.8500","527.8100","528.3300","95080"
"2025-04-17 06:30:00","528.9000","529.1100","527.6800","527.8800","32840"
"2025-04-17 06:15:00","529.0700","529.2700","528.3400","528.8900","82724"
"2025-04-17 06:00:00","530.4800","530.4900","528.6100","528.9900","53837"
"2025-04-17 05:45:00","530.6600","530.7000","530.1400","530.3700","10676"
"2025-04-17 05:30:00","530.8000","531.1100","530.5100","530.7000","4528"
"2025-04-17 05:15:00","530.4100","531.1600","530.2200","530.7500","13921"
"2025-04-17 05:00:00","529.8800","530.5700","529.5900","530.3600","13982"
"2025-04-17 04:45:00","530.4700","530.7000","529.8400","529.9300","29742"
"2025-04-17 04:30:00","531.3400","531.5500","530.4100","530.4500","5551"
"2025-04-17 04:15:00","531.2600","531.5000","530.9100","531.4300","9411"
"2025-04-17 04:00:00","530.7700","531.5700","530.7700","531.2100","21269"
"2025-04-16 20:00:00","525.6600","525.6600","525.6600","525.6600","1724730"
"2025-04-16 19:45:00","525.9500","526.2500","525.5700","525.9500","25302"
"2025-04-16 19:30:00","526.1300","526.1300","524.6000","525.9200","34056"
"2025-04-16 19:15:00","525.5300","526.3000","525.4915","526.1400","28594"
"2025-04-16 19:00:00","526.0100","526.1900","524.9216","525.5700","33072"
"2025-04-16 18:45:00","526.1981","526.3200","525.6600","525.9550","16377"
"2025-04-16 18:30:00","525.6600","526.2087","525.6200","526.1950","1827651"
"2025-04-16 18:15:00","525.6001","525.9900","525.2000","525.9588","161818"
"2025-04-16 18:00:00","526.0000","526.4000","525.5600","525.6004","122268"
"2025-04-16 17:45:00","525.9800","526.6000","525.7400","526.0000","98927"
"2025-04-16 17:30:00","525.8100","526.2500","525.6600","525.9300","120582"
"2025-04-16 17:15:00","525.4700","525.8500","525.3000","525.8500","69767"
"2025-04-16 17:00:00","525.2100","525.6600","524.8600","525.4504","619569"
"2025-04-16 16:45:00","525.8000","554.9400","489.1729","525.1388","401510"
"2025-04-16 16:30:00","526.2700","554.1858","489.9109","525.7700","372151"
"2025-04-16 16:15:00","526.7200","526.7700","525.6600","526.2750","655744"
"2025-04-16 16:00:00","525.7300","537.8854","522.0000","526.6410","15308407"
"2025-04-16 15:45:00","522.4500","526.1700","522.1100","525.7300","9592828"
"2025-04-16 15:30:00","520.6900","523.0000","520.6900","522.4600","4306708"
"2025-04-16 15:15:00","521.9950","522.3500","520.2900","520.6650","3080149"
"2025-04-16 15:00:00","522.8300","523.2900","520.8400","521.9800","3709255"
"2025-04-16 14:45:00","523.9300","524.3000","522.7100","522.8400","2003937"
"2025-04-16 14:30:00","526.0000","537.8854","523.6500","523.9499","2681080"
"2025-04-16 14:15:00","526.1100","526.8398","524.6900","526.0000","2272129"
"2025-04-16 14:00:00","524.1000","526.3200","524.0650","526.0850","3012413"
"2025-04-16 13:45:00","527.2500","527.2500","523.9400","524.1000","4205341"
"2025-04-16 13:30:00","531.5500","531.6200","526.7400","527.2650","3782764"
"2025-04-16 13:15:00","530.5800","531.7100","530.5450","531.5295","894044"
"2025-04-16 13:00:00","530.9300","531.3200","530.2200","530.5400","1082000"
"2025-04-16 12:45:00","531.4900","531.5800","530.6747","530.8900","1062045"
"2025-04-16 12:30:00","531.5000","532.1200","530.5300","531.4900","2054268"
"2025-04-16 12:15:00","531.5000","531.8000","530.9301","531.5050","825592"
"2025-04-16 12:00:00","531.7300","531.8700","530.7650","531.4900","1574340"
"2025-04-16 11:45:00","533.2800","533.4399","531.3800","531.7100","2451239"
"2025-04-16 11:30:00","534.6600","534.7300","533.1000","533.2700","1313256"
"2025-04-16 11:15:00","532.7300","535.1100","531.8900","534.6400","1830417"
"2025-04-16 11:00:00","532.2900","533.0800","531.7058","532.6900","2475519"
"2025-04-16 10:45:00","532.7200","532.7500","531.5400","532.2700","1177923"
"2025-04-16 10:30:00","531.7600","532.9600","531.3050","532.7400","1518436"
"2025-04-16 10:15:00","530.1850","532.2100","529.9700","531.7700","1674277"
"2025-04-16 10:00:00","529.9000","531.5602","529.6500","530.1500","1929971"
"2025-04-16 09:45:00","532.5900","532.7500","529.9200","529.9200","3034839"
"2025-04-16 09:30:00","531.6800","533.8600","531.5700","532.5300","3571491"
"2025-04-16 09:15:00","532.1300","532.4000","531.3500","531.6300","273190"
"2025-04-16 09:00:00","532.5000","559.9450","531.6200","532.1400","188213"
"2025-04-16 08:45:00","532.9000","537.6100","532.3600","532.6200","137163"
"2025-04-16 08:30:00","533.8000","534.2097","532.6950","532.9050","119475"
"2025-04-16 08:15:00","533.6087","534.0900","533.5000","533.7000","27971"
"2025-04-16 08:00:00","529.5975","537.6100","529.0400","533.6000","158104"
"2025-04-16 07:45:00","534.1700","534.6600","533.4000","533.7200","73290"
"2025-04-16 07:30:00","533.6800","534.3300","533.4000","534.1500","56023"
"2025-04-16 07:15:00","533.5900","533.8500","533.2100","533.6000","78833"
"2025-04-16 07:00:00","533.7100","534.0000","532.9300","533.5500","111458"
"2025-04-16 06:45:00","533.7500","533.9600","533.4800","533.7200","44880"
"2025-04-16 06:30:00","533.9800","533.9800","533.1000","533.6300","27918"
"2025-04-16 06:15:00","533.7900","534.5000","533.6100","533.9100","18856"
"2025-04-16 06:00:00","533.3700","534.5900","533.2000","533.7400","15019"
"2025-04-16 05:45:00","534.3500","534.5700","533.2400","533.2500","63679"
"2025-04-16 05:30:00","534.6500","535.0200","534.1500","534.4300","26201"
"2025-04-16 05:15:00","533.9200","535.3000","533.9000","534.6900","36391"
"2025-04-16 05:00:00","533.9900","534.4200","533.4200","534.1500","28657"
"2025-04-16 04:45:00","536.3500","536.3500","533.6000","533.8600","98840"
"2025-04-16 04:30:00","533.2300","537.4600","533.2300","536.3600","88265"
"2025-04-16 04:15:00","529.7100","535.1300","529.5500","532.9800","67647"
"2025-04-16 04:00:00","530.8400","530.8400","529.2900","529.7100","29763"
"2025-04-15 20:00:00","537.6100","537.6100","537.6100","537.6100","1083483"
"2025-04-15 19:45:00","533.3250","533.6200","533.0101","533.5800","34150"
"2025-04-15 19:30:00","533.4700","533.6000","532.8000","533.3450","32686"
"2025-04-15 19:15:00","533.4650","533.6000","533.1400","533.5100","15890"
"2025-04-15 19:00:00","533.9000","534.1050","533.1341","533.4900","38058"
"2025-04-15 18:45:00","534.0400","534.0900","533.5100","533.9200","32024"
"2025-04-15 18:30:00","537.6100","537.6100","533.7000","534.0500","1119479"
"2025-04-15 18:15:00","533.6000","534.3400","533.1000","534.1000","75781"
"2025-04-15 18:00:00","535.1500","535.1500","532.3900","533.6000","245913"
"2025-04-15 17:45:00","536.1892","536.3550","535.0500","535.1501","72817"
"2025-04-15 17:30:00","537.6500","537.6600","536.0400","536.1600","89782"
"2025-04-15 17:15:00","538.1600","538.2000","537.5000","537.6600","76439"
"2025-04-15 17:00:00","537.4000","555.6528","509.5365","538.1550","652806"
"2025-04-15 16:45:00","537.4800","564.0304","509.4951","537.4200","107260"
"2025-04-15 16:30:00","537.2100","538.8024","536.9900","537.4800","244914"
"2025-04-15 16:15:00","537.6800","538.8024","537.1200","537.1750","784984"
"2025-04-15 16:00:00","537.7100","543.4750","521.7900","537.7000","6564494"
"2025-04-15 15:45:00","538.1400","538.7300","537.1400","537.7200","6185478"
"2025-04-15 15:30:00","538.3600","538.6850","537.8000","538.1300","1797854"
"2025-04-15 15:15:00","538.9800","539.2900","537.7400","538.3434","1439867"
"2025-04-15 15:00:00","538.6300","539.2000","538.0200","538.9700","3331675"
"2025-04-15 14:45:00","538.6700","539.2100","538.0000","538.6300","1705841"
"2025-04-15 14:30:00","537.4400","538.7100","537.4350","538.6600","1356615"
"2025-04-15 14:15:00","537.3650","538.0600","536.8100","537.5000","1322092"
"2025-04-15 14:00:00","538.3200","538.7750","537.0500","537.3800","1218216"
"2025-04-15 13:45:00","538.8300","539.0500","537.3850","538.2867","1426261"
"2025-04-15 13:30:00","537.7700","539.2457","537.6100","538.8140","1215738"
"2025-04-15 13:15:00","539.3400","539.4450","537.3700","537.7600","1275496"
"2025-04-15 13:00:00","539.0100","539.9000","538.4600","539.3499","1286185"
"2025-04-15 12:45:00","540.7000","541.1397","538.4800","539.0400","1164971"
"2025-04-15 12:30:00","541.0000","541.4302","539.9700","540.7175","888953"
"2025-04-15 12:15:00","540.9300","541.6200","540.3726","540.9800","910497"
"2025-04-15 12:00:00","541.0000","541.6200","540.5100","540.9090","682114"
"2025-04-15 11:45:00","540.3200","541.2900","539.4400","540.9717","1208041"
"2025-04-15 11:30:00","540.2200","541.5300","539.7700","540.3650","1359953"
"2025-04-15 11:15:00","541.4400","542.0300","540.1500","540.1701","994301"
"2025-04-15 11:00:00","540.5801","541.6339","540.4200","541.4871","1301385"
"2025-04-15 10:45:00","541.6600","541.8000","539.0800","540.5800","2836131"
"2025-04-15 10:30:00","539.4000","541.8800","539.3401","541.6400","1843594"
"2025-04-15 10:15:00","541.7500","542.5600","538.1400","539.4000","4104250"
"2025-04-15 10:00:00","541.5200","543.2300","541.2300","541.7400","2013074"
"2025-04-15 09:45:00","541.8000","542.9499","541.0100","541.4800","2183752"
"2025-04-15 09:30:00","539.6750","542.2200","539.2490","541.7759","3331300"
"2025-04-15 09:15:00","538.7200","539.6800","538.5800","539.6800","184518"
"2025-04-15 09:00:00","538.1900","539.1400","538.1900","538.7100","171244"
"2025-04-15 08:45:00","538.0000","539.1200","537.3500","538.1800","100116"
"2025-04-15 08:30:00","536.6800","538.0900","536.6700","538.0500","144947"
"2025-04-15 08:15:00","539.1200","539.1200","536.1500","536.6700","370738"
"2025-04-15 08:00:00","540.6335","541.0700","536.8100","539.1200","198525"
"2025-04-15 07:45:00","538.3600","538.4400","536.8100","537.2400","101906"
"2025-04-15 07:30:00","539.5900","540.0400","538.2800","538.3400","68332"
"2025-04-15 07:15:00","539.1600","539.8900","539.1400","539.5800","38649"
"2025-04-15 07:00:00","539.6800","540.0000","539.0600","539.1100","23799"
"2025-04-15 06:45:00","539.2000","539.7200","538.7000","539.6800","37084"
"2025-04-15 06:30:00","540.1100","540.2600","539.2100","539.2100","27752"
"2025-04-15 06:15:00","540.0100","540.3300","539.8000","539.9700","11055"
"2025-04-15 06:00:00","539.2700","540.1600","539.0000","540.0400","28552"
"2025-04-15 05:45:00","539.0300","539.3600","538.8500","539.3300","10892"
"2025-04-15 05:30:00","540.5100","540.7100","538.9100","539.0500","13206"
"2025-04-15 05:15:00","539.4100","540.6100","539.1200","540.5100","11450"
"2025-04-15 05:00:00","539.8900","539.9700","539.3000","539.3900","3960"
"2025-04-15 04:45:00","539.8600","540.1200","539.5400","540.0800","17731"
"2025-04-15 04:30:00","539.9900","540.3500","539.0800","539.9400","7777"
"2025-04-15 04:15:00","540.2900","540.7400","539.8000","539.8000","13130"
"2025-04-15 04:00:00","539.2700","540.9100","539.2700","540.4100","33538"
"2025-04-14 20:00:00","539.1200","539.1200","539.1200","539.1200","977671"
"2025-04-14 19:45:00","536.5700","536.9000","536.3700","536.8700","22031"
"2025-04-14 19:30:00","537.1800","537.5000","536.4100","536.6000","25543"
"2025-04-14 19:15:00","536.7600","537.3600","536.6800","537.2000","19174"
"2025-04-14 19:00:00","536.3000","536.9200","536.1600","536.8500","17691"
"2025-04-14 18:45:00","537.0300","537.0500","536.1600","536.3570","12464"
"2025-04-14 18:30:00","539.1200","560.7200","536.5700","537.0700","1029512"
"2025-04-14 18:15:00","537.4000","537.6900","536.6300","536.6300","70618"
"2025-04-14 18:00:00","538.1500","538.2400","537.1637","537.4000","133654"
"2025-04-14 17:45:00","538.3900","538.4900","538.1400","538.1950","42761"
"2025-04-14 17:30:00","537.8900","538.4400","537.8200","538.3900","58848"
"2025-04-14 17:15:00","537.8000","537.9700","537.5300","537.8900","38661"
"2025-04-14 17:00:00","538.0000","565.8309","510.8893","537.7950","310875"
"2025-04-14 16:45:00","537.4200","565.6999","504.3676","538.0500","79515"
"2025-04-14 16:30:00","536.5000","539.1200","533.9400","537.3600","250498"
"2025-04-14 16:15:00","538.4400","539.1200","533.9400","536.4700","411582"
"2025-04-14 16:00:00","538.9800","539.4900","522.1200","538.4400","5549094"
"2025-04-14 15:45:00","541.6600","541.8000","538.3600","538.9700","7390962"
"2025-04-14 15:30:00","541.3200","542.1500","540.6600","541.6500","3205179"
"2025-04-14 15:15:00","542.3600","542.3600","541.0163","541.3300","1908605"
"2025-04-14 15:00:00","540.7700","542.5800","540.6400","542.3517","2059028"
"2025-04-14 14:45:00","541.1900","541.3000","537.0900","540.7300","1673969"
"2025-04-14 14:30:00","540.3800","541.3100","540.0500","541.1900","1200749"
"2025-04-14 14:15:00","539.3000","540.5100","538.9900","540.3800","1221008"
"2025-04-14 14:00:00","538.9500","539.8500","538.8100","539.3200","1209034"
"2025-04-14 13:45:00","537.1300","539.4500","536.6400","538.9700","1237544"
"2025-04-14 13:30:00","537.2600","538.1800","536.4900","537.0400","1120257"
"2025-04-14 13:15:00","536.8100","538.5500","536.0100","537.3000","1161206"
"2025-04-14 13:00:00","535.6000","539.2300","535.2900","536.8100","2301425"
"2025-04-14 12:45:00","537.5400","537.9200","535.3700","535.5200","1678475"
"2025-04-14 12:30:00","535.8200","537.8600","535.4400","537.5800","1599071"
"2025-04-14 12:15:00","535.4700","537.8500","535.1600","535.8500","2660481"
"2025-04-14 12:00:00","535.7250","536.8500","533.8600","535.4300","3145086"
"2025-04-14 11:45:00","538.1800","538.2900","535.2300","535.7399","2888142"
"2025-04-14 11:30:00","538.6400","539.9300","536.8800","538.2300","2569941"
"2025-04-14 11:15:00","540.6700","541.2300","538.4300","538.5200","1942222"
"2025-04-14 11:00:00","542.4350","543.0900","540.4300","540.6500","2135188"
"2025-04-14 10:45:00","542.3550","543.8500","541.9400","542.4200","1902934"
"2025-04-14 10:30:00","542.1400","543.0200","541.6300","542.3500","1386994"
"2025-04-14 10:15:00","541.5000","542.4000","539.7100","542.1200","1913713"
"2025-04-14 10:00:00","540.6300","543.4900","539.9650","541.4150","2665364"
"2025-04-14 09:45:00","540.7500","541.9500","539.2100","540.4700","3059980"
"2025-04-14 09:30:00","544.0500","544.2800","539.2500","540.7236","5319558"
"2025-04-14 09:15:00","542.8900","544.4800","542.8401","544.0500","528463"
"2025-04-14 09:00:00","542.7600","543.1800","542.4300","542.8797","266941"
"2025-04-14 08:45:00","542.2700","542.8500","533.9400","542.7204","102394"
"2025-04-14 08:30:00","541.6200","542.8800","541.3600","542.3243","220536"
"2025-04-14 08:15:00","541.2100","541.8300","541.0400","541.6200","118270"
"2025-04-14 08:00:00","541.7500","542.9000","533.9400","541.1800","241520"
"2025-04-14 07:45:00","541.7600","541.8600","539.9900","540.0900","108744"
"2025-04-14 07:30:00","542.3000","542.5000","541.4800","541.7100","52315"
"2025-04-14 07:15:00","542.4700","543.0000","541.8100","542.3000","234458"
"2025-04-14 07:00:00","541.3600","542.6300","541.0700","542.5000","182969"
"2025-04-14 06:45:00","540.9600","541.4400","540.6800","541.4400","12925"
"2025-04-14 06:30:00","540.2800","541.1300","540.2600","540.9700","38207"
"2025-04-14 06:15:00","540.2500","540.5000","539.7600","540.2800","12113"
"2025-04-14 06:00:00","540.2600","540.9300","540.1100","540.3700","17584"
"2025-04-14 05:45:00","539.7200","540.3400","539.2400","540.2900","22715"
"2025-04-14 05:30:00","540.2600","540.6200","539.3800","539.6600","21450"
"2025-04-14 05:15:00","541.5300","541.5900","540.1600","540.1600","25347"
"2025-04-14 05:00:00","541.5600","542.2000","541.4000","541.4300","19539"
"2025-04-14 04:45:00","541.6300","541.9400","541.3600","541.5600","29809"
"2025-04-14 04:30:00","541.7100","542.0900","541.5000","541.6300","17738"
"2025-04-14 04:15:00","541.4600","542.0000","541.3800","541.7200","20371"
"2025-04-14 04:00:00","538.1700","542.0000","538.1700","541.4300","46965"
"2025-04-11 20:00:00","533.9400","533.9400","533.9400","533.9400","1374075"
"2025-04-11 19:45:00","533.8800","534.2900","533.8000","534.2900","22659"
"2025-04-11 19:30:00","533.8500","533.9400","533.7500","533.8550","8678"
"2025-04-11 19:15:00","533.7000","533.9800","533.6600","533.8500","7017"
"2025-04-11 19:00:00","533.6997","533.9800","533.6600","533.9796","11501"
"2025-04-11 18:45:00","533.8700","533.9700","533.6600","533.6850","17669"
"2025-04-11 18:30:00","533.9400","533.9800","533.8500","533.9000","1381132"
"2025-04-11 18:15:00","534.0000","534.1000","533.8500","533.8800","50195"
"2025-04-11 18:00:00","533.9500","534.1000","533.8900","533.9800","13934"
"2025-04-11 17:45:00","533.9705","534.3000","533.8300","534.0000","17846"
"2025-04-11 17:30:00","534.3900","534.4100","533.9400","533.9800","37615"
"2025-04-11 17:15:00","534.3750","534.5100","534.3700","534.3700","35022"
"2025-04-11 17:00:00","534.3499","564.5945","506.2749","534.3750","437856"
"2025-04-11 16:45:00","534.7000","568.0264","510.0177","534.3500","237687"
"2025-04-11 16:30:00","534.5900","534.7700","525.0189","534.6700","1613975"
"2025-04-11 16:15:00","534.5000","534.9400","533.9000","534.5700","2558825"
"2025-04-11 16:00:00","533.9800","534.5800","525.0189","534.4800","11683799"
"2025-04-11 15:45:00","534.9000","535.4500","533.7500","533.9800","11076562"
"2025-04-11 15:30:00","534.6700","535.1600","533.4800","534.9100","3335063"
"2025-04-11 15:15:00","535.0600","535.6800","533.6450","534.7400","2457963"
"2025-04-11 15:00:00","532.2300","535.3100","532.1100","535.0600","2452947"
"2025-04-11 14:45:00","533.6800","534.5200","531.9700","532.1600","1599743"
"2025-04-11 14:30:00","533.1600","534.2100","532.3700","533.6700","1908954"
"2025-04-11 14:15:00","533.5900","534.1000","531.5700","533.1700","2656207"
"2025-04-11 14:00:00","534.7200","534.9900","532.7263","533.6000","2491879"
"2025-04-11 13:45:00","535.4106","536.4300","533.2120","534.7000","2992759"
"2025-04-11 13:30:00","529.8400","536.1200","528.8400","535.4000","3938369"
"2025-04-11 13:15:00","531.4800","532.0200","529.4800","529.8300","2038469"
"2025-04-11 13:00:00","531.7700","533.0900","530.6047","531.4750","1838204"
"2025-04-11 12:45:00","531.9650","532.8500","531.0200","531.7200","2233263"
"2025-04-11 12:30:00","527.5350","532.2600","525.4600","531.9627","2918911"
"2025-04-11 12:15:00","527.8600","528.6700","526.4100","527.3900","1502065"
"2025-04-11 12:00:00","526.9300","528.5000","526.0800","527.8500","1733112"
"2025-04-11 11:45:00","525.2200","527.1100","524.7300","526.9400","1540531"
"2025-04-11 11:30:00","523.0300","526.0700","522.4200","525.2400","1734233"
"2025-04-11 11:15:00","521.7800","523.5685","520.8800","523.0800","2200661"
"2025-04-11 11:00:00","523.1400","527.4200","521.6900","521.9000","3296730"
"2025-04-11 10:45:00","525.3100","526.7100","522.9400","523.1700","2445504"
"2025-04-11 10:30:00","520.8000","525.5162","520.0900","525.3000","2913912"
"2025-04-11 10:15:00","526.3200","527.6365","520.0700","520.6900","3763383"
"2025-04-11 10:00:00","526.4800","528.4300","523.3800","526.3150","5250680"
"2025-04-11 09:45:00","525.6100","528.8400","525.2500","526.4001","4441962"
"2025-04-11 09:30:00","523.0100","526.2700","521.1000","525.5700","6156964"
"2025-04-11 09:15:00","522.4500","524.4200","521.9100","522.8100","889597"
"2025-04-11 09:00:00","525.5900","544.9900","486.7100","522.5100","976089"
"2025-04-11 08:45:00","527.6400","527.8200","524.5800","525.5694","343921"
"2025-04-11 08:30:00","527.5000","529.7700","527.0900","527.5400","354709"
"2025-04-11 08:15:00","527.2600","527.8000","526.2500","527.1000","148352"
"2025-04-11 08:00:00","528.3100","532.5600","521.3067","527.2300","347438"
"2025-04-11 07:45:00","525.9500","527.9400","524.3000","526.9700","154978"
"2025-04-11 07:30:00","526.3200","526.8600","525.3000","526.1000","99235"
"2025-04-11 07:15:00","527.9500","528.1500","525.6400","526.3900","121848"
"2025-04-11 07:00:00","528.7900","529.6500","527.9200","528.0400","100969"
"2025-04-11 06:45:00","528.8600","529.6800","527.6300","528.7800","76913"
"2025-04-11 06:30:00","529.6000","530.6400","528.7600","528.8300","38843"
"2025-04-11 06:15:00","528.1700","530.3300","527.7700","529.6000","63834"
"2025-04-11 06:00:00","528.9200","529.5200","527.4400","528.3500","56054"
"2025-04-11 05:45:00","526.2000","529.1100","525.2400","528.9800","59872"
"2025-04-11 05:30:00","523.8400","526.2100","523.3300","526.1700","37083"
"2025-04-11 05:15:00","523.1400","524.3900","522.7000","523.6400","25511"
"2025-04-11 05:00:00","522.3600","523.3700","521.5000","523.1000","69738"
"2025-04-11 04:45:00","521.6200","522.8300","521.3000","522.4200","74506"
"2025-04-11 04:30:00","523.6800","524.0800","520.7300","521.7200","104908"
"2025-04-11 04:15:00","526.5000","526.6700","522.9000","523.6000","123739"
"2025-04-11 04:00:00","525.2000","528.0000","523.6100","526.3600","168453"
"2025-04-10 20:00:00","524.5800","524.5800","524.5800","524.5800","2480360"
"2025-04-10 19:45:00","523.5800","523.7500","521.2300","522.2100","97341"
"2025-04-10 19:30:00","523.2518","523.9600","522.9000","523.6400","22872"
"2025-04-10 19:15:00","524.3500","524.3500","522.2700","523.2500","43778"
"2025-04-10 19:00:00","525.9000","526.1200","524.0700","524.2650","100790"
"2025-04-10 18:45:00","527.1700","527.6800","525.7400","525.9000","33634"
"2025-04-10 18:30:00","524.5800","527.3700","524.5800","527.1601","2528448"
"2025-04-10 18:15:00","526.0500","526.4700","525.5000","525.8700","27480"
"2025-04-10 18:00:00","524.4300","526.5983","524.4000","526.0500","104731"
"2025-04-10 17:45:00","524.5800","524.6700","524.2000","524.3650","28020"
"2025-04-10 17:30:00","524.8900","524.9700","524.4100","524.6100","22791"
"2025-04-10 17:15:00","524.9500","543.8700","524.5800","524.8983","89670"
"2025-04-10 17:00:00","525.1300","525.3000","524.5800","524.9600","135211"
"2025-04-10 16:45:00","523.8600","580.3970","427.5700","525.1600","319506"
"2025-04-10 16:30:00","524.4000","571.2973","484.4092","523.8850","287157"
"2025-04-10 16:15:00","526.5100","543.8155","524.3800","524.4000","1575277"
"2025-04-10 16:00:00","524.6700","543.8700","523.3460","526.5000","15677821"
"2025-04-10 15:45:00","518.8050","526.5200","518.2200","524.7000","14985084"
"2025-04-10 15:30:00","522.4700","525.6800","518.2000","518.8000","6633449"
"2025-04-10 15:15:00","525.2600","528.6900","522.3700","522.4300","4120479"
"2025-04-10 15:00:00","526.1700","529.4300","523.7800","525.3400","3888234"
"2025-04-10 14:45:00","529.4200","529.5300","523.5700","526.0700","4240616"
"2025-04-10 14:30:00","528.3900","529.7100","525.5480","529.4800","3592193"
"2025-04-10 14:15:00","520.8700","528.7600","520.3100","528.3900","3753852"
"2025-04-10 14:00:00","524.1900","527.7600","520.5100","520.9300","5466902"
"2025-04-10 13:45:00","522.6600","525.5500","521.0700","524.2800","4486121"
"2025-04-10 13:30:00","519.2100","522.8900","518.3200","522.6301","3948768"
"2025-04-10 13:15:00","514.6000","519.5900","512.8700","519.3200","4312083"
"2025-04-10 13:00:00","519.6700","524.7000","513.5000","514.6100","6891264"
"2025-04-10 12:45:00","517.8000","520.5500","515.4200","519.7600","5682933"
"2025-04-10 12:30:00","511.8150","518.8400","511.5127","517.8600","7448344"
"2025-04-10 12:15:00","516.2300","516.8900","509.3200","511.8600","9284381"
"2025-04-10 12:00:00","518.5600","520.0900","515.6700","516.2750","6001813"
"2025-04-10 11:45:00","521.6500","522.7400","517.9100","518.6143","5615716"
"2025-04-10 11:30:00","523.7200","524.2700","521.3800","521.6900","4091354"
"2025-04-10 11:15:00","526.4400","526.7100","523.7100","523.7102","3112204"
"2025-04-10 11:00:00","526.2900","528.7000","525.9400","526.4500","3697444"
"2025-04-10 10:45:00","530.0000","530.2700","526.0500","526.2900","3340890"
"2025-04-10 10:30:00","528.1200","531.9600","528.1100","529.9700","4118181"
"2025-04-10 10:15:00","527.6600","530.7300","527.0400","528.1100","4214710"
"2025-04-10 10:00:00","528.9900","530.1400","526.3401","527.6399","5125922"
"2025-04-10 09:45:00","530.1000","533.3300","528.8800","529.0025","6007908"
"2025-04-10 09:30:00","532.1700","533.4950","528.5100","530.1100","7716624"
"2025-04-10 09:15:00","532.9700","535.1500","531.7500","532.2600","419498"
"2025-04-10 09:00:00","533.2700","535.0000","532.6202","532.9500","404175"
"2025-04-10 08:45:00","532.4400","548.6200","531.0000","533.2400","572397"
"2025-04-10 08:30:00","535.0000","539.3200","531.4600","532.4400","1315563"
"2025-04-10 08:15:00","533.8750","548.6200","532.5000","533.1300","632708"
"2025-04-10 08:00:00","535.2500","548.6228","530.8670","533.9350","639936"
"2025-04-10 07:45:00","534.8300","535.4400","534.5600","535.3500","235304"
"2025-04-10 07:30:00","534.2200","536.0400","533.5500","534.8600","225992"
"2025-04-10 07:15:00","533.8400","535.0400","533.6400","534.1300","217175"
"2025-04-10 07:00:00","533.8400","535.3200","533.4200","533.8100","213457"
"2025-04-10 06:45:00","535.9600","535.9600","533.7500","533.7600","126075"
"2025-04-10 06:30:00","535.4000","537.3500","535.1200","535.9900","123516"
"2025-04-10 06:15:00","535.4600","536.9000","534.9000","535.4500","364918"
"2025-04-10 06:00:00","532.8300","536.0000","532.5200","535.4300","166645"
"2025-04-10 05:45:00","532.2700","534.0000","531.8800","532.7900","131313"
"2025-04-10 05:30:00","532.0300","534.3400","532.0300","532.3500","94361"
"2025-04-10 05:15:00","532.4400","533.5000","531.6600","531.9600","72286"
"2025-04-10 05:00:00","531.9400","532.5900","530.7000","532.4300","94034"
"2025-04-10 04:45:00","533.5000","534.5000","531.3200","531.8800","140218"
"2025-04-10 04:30:00","534.0500","534.1000","530.6800","533.3800","204986"
"2025-04-10 04:15:00","534.9500","535.1200","533.0300","534.0600","134449"
"2025-04-10 04:00:00","540.0000","541.9300","534.3100","534.9900","408811"
"2025-04-09 20:00:00","548.6200","548.6200","548.6200","548.6200","8118052"
"2025-04-09 19:45:00","546.0300","546.2800","545.2500","545.7600","62967"
"2025-04-09 19:30:00","545.7400","546.2700","545.7400","546.0000","24316"
"2025-04-09 19:15:00","545.6000","546.3000","545.5000","545.7500","43662"
"2025-04-09 19:00:00","546.2500","547.2500","545.4300","545.6800","74174"
"2025-04-09 18:45:00","546.1201","546.2700","545.4500","546.2500","48109"
"2025-04-09 18:30:00","548.6200","548.6200","545.1600","546.1550","8274308"
"2025-04-09 18:15:00","545.4500","546.0000","544.9800","545.8700","265960"
"2025-04-09 18:00:00","544.4300","545.5000","543.5214","545.4800","138539"
"2025-04-09 17:45:00","544.9242","548.6200","544.0700","544.4000","208323"
"2025-04-09 17:30:00","545.4200","545.5000","497.6600","544.7700","94367"
"2025-04-09 17:15:00","546.0800","565.4800","545.3700","545.4150","239592"
"2025-04-09 17:00:00","545.9100","576.1253","514.5864","546.1500","1029558"
"2025-04-09 16:45:00","545.2100","576.1253","514.5864","545.8200","580928"
"2025-04-09 16:30:00","544.8500","548.6200","496.5080","545.1814","795915"
"2025-04-09 16:15:00","542.7100","548.6200","496.5080","544.8700","3008052"
"2025-04-09 16:00:00","543.4800","548.6200","496.5080","542.7900","41465261"
"2025-04-09 15:45:00","541.8000","546.3300","540.3900","543.3700","22204066"
"2025-04-09 15:30:00","540.4500","543.4000","539.5400","541.7400","8383802"
"2025-04-09 15:15:00","537.4800","541.7800","535.7900","540.4900","7183134"
"2025-04-09 15:00:00","530.9100","537.7200","529.6800","537.4600","7441871"
"2025-04-09 14:45:00","533.3800","536.1800","530.5900","530.9300","6576526"
"2025-04-09 14:30:00","538.1600","539.8700","532.6100","533.3700","7723629"
"2025-04-09 14:15:00","534.5400","539.7100","500.4000","538.1500","9634293"
"2025-04-09 14:00:00","534.9250","537.9800","531.1100","534.4801","9657872"
"2025-04-09 13:45:00","526.1400","535.5500","525.8600","534.8700","10619007"
"2025-04-09 13:30:00","524.0200","536.5000","522.9500","525.9800","18221122"
"2025-04-09 13:15:00","502.4500","533.4000","497.5600","523.9600","31045019"
"2025-04-09 13:00:00","501.2500","505.7099","501.0000","502.4100","5649378"
"2025-04-09 12:45:00","499.7800","502.5800","499.2000","501.2000","2960987"
"2025-04-09 12:30:00","499.1900","500.7200","498.6500","499.8100","2703521"
"2025-04-09 12:15:00","499.8800","500.5500","499.0500","499.2600","2318616"
"2025-04-09 12:00:00","495.9500","500.3900","494.7700","499.8900","1892529"
"2025-04-09 11:45:00","495.2400","499.0500","495.2400","495.9750","2495829"
"2025-04-09 11:30:00","498.2900","499.5900","494.8300","495.2750","2753033"
"2025-04-09 11:15:00","496.5050","499.7100","496.4900","498.2800","2381572"
"2025-04-09 11:00:00","493.2200","497.8000","493.0500","496.4700","3774046"
"2025-04-09 10:45:00","497.6900","499.8300","493.0904","493.2084","4984367"
"2025-04-09 10:30:00","499.0700","501.6800","497.4800","497.6600","3210802"
"2025-04-09 10:15:00","497.3000","500.3800","496.6837","498.9700","5193812"
"2025-04-09 10:00:00","499.8600","503.6700","496.6700","497.3194","5435955"
"2025-04-09 09:45:00","497.5301","501.3700","495.7250","499.8500","5107619"
"2025-04-09 09:30:00","493.4400","502.0400","493.4300","497.5900","9914360"
"2025-04-09 09:15:00","493.4400","496.0500","493.0500","493.4400","626572"
"2025-04-09 09:00:00","491.4100","496.7700","491.0900","493.4200","1719387"
"2025-04-09 08:45:00","489.1000","496.4800","488.6900","491.5000","1123289"
"2025-04-09 08:30:00","487.0100","489.1700","486.1000","489.1600","481411"
"2025-04-09 08:15:00","488.5787","488.9900","486.2300","487.1300","475042"
"2025-04-09 08:00:00","492.7800","500.0500","482.7000","488.5793","1002238"
"2025-04-09 07:45:00","486.0400","493.1800","485.4300","487.8100","817845"
"2025-04-09 07:30:00","490.7100","490.8100","485.2400","486.0800","713563"
"2025-04-09 07:15:00","490.8600","493.1600","489.4000","490.7000","597989"
"2025-04-09 07:00:00","494.7200","495.0800","487.3500","490.8500","1511502"
"2025-04-09 06:45:00","494.3900","498.2800","494.0800","494.8200","344359"
"2025-04-09 06:30:00","493.5700","495.0000","491.8900","494.4100","163101"
"2025-04-09 06:15:00","495.4800","495.6300","492.2100","493.6400","105448"
"2025-04-09 06:00:00","495.6200","496.3500","493.4600","495.4200","97476"
"2025-04-09 05:45:00","496.3000","496.3300","494.5500","495.6300","58370"
"2025-04-09 05:30:00","497.6000","498.0900","495.7900","496.2600","31509"
"2025-04-09 05:15:00","498.2300","498.7200","496.5600","497.5000","76132"
"2025-04-09 05:00:00","497.9800","499.1200","496.6400","498.2400","82648"
"2025-04-09 04:45:00","496.1400","498.3100","495.6600","497.8700","142032"
"2025-04-09 04:30:00","494.8700","496.5800","492.1500","496.0400","101551"
"2025-04-09 04:15:00","495.4300","497.3200","494.7900","494.8000","81226"
"2025-04-09 04:00:00","487.2100","499.9600","486.5500","495.4100","286525"
"2025-04-08 20:00:00","496.4800","496.4800","496.4800","496.4800","2994872"
"2025-04-08 19:45:00","487.8700","490.6300","487.7350","490.5550","195365"
"2025-04-08 19:30:00","488.2400","489.3300","487.7600","487.8150","158944"
"2025-04-08 19:15:00","490.3600","490.4300","487.8200","488.1000","226901"
"2025-04-08 19:00:00","492.4000","492.4000","490.3400","490.3600","103361"
"2025-04-08 18:45:00","491.7000","492.7000","491.5000","492.4000","74683"
"2025-04-08 18:30:00","496.4800","523.8600","490.2000","491.6600","3078839"
"2025-04-08 18:15:00","492.7009","492.9500","489.9300","491.3801","296221"
"2025-04-08 18:00:00","495.8500","496.2200","492.0000","492.7350","465961"
"2025-04-08 17:45:00","496.1600","496.5000","495.8500","495.8500","295387"
"2025-04-08 17:30:00","495.7700","496.3900","495.7300","496.2000","49405"
"2025-04-08 17:15:00","495.8300","495.9400","495.5000","495.7600","104987"
"2025-04-08 17:00:00","496.0300","496.4800","495.6500","495.8100","1200732"
"2025-04-08 16:45:00","495.2100","529.3134","467.2050","496.1500","407984"
"2025-04-08 16:30:00","494.6700","514.1142","494.6300","495.2350","293831"
"2025-04-08 16:15:00","496.2500","510.3403","493.9500","494.6800","4595693"
"2025-04-08 16:00:00","496.7500","498.6600","486.2007","496.2400","12565734"
"2025-04-08 15:45:00","490.6300","497.4600","489.1600","496.7400","18198613"
"2025-04-08 15:30:00","497.5300","497.5900","490.5000","490.6050","10209177"
"2025-04-08 15:15:00","496.5808","498.6200","494.3400","497.5100","7303199"
"2025-04-08 15:00:00","501.7100","502.1200","496.3300","496.6100","5134125"
"2025-04-08 14:45:00","501.5300","504.1900","501.5300","501.6900","3136991"
"2025-04-08 14:30:00","502.4400","507.8200","501.4000","501.5290","5395159"
"2025-04-08 14:15:00","503.4200","506.1100","502.0700","502.4100","3218980"
"2025-04-08 14:00:00","506.7600","507.1200","503.0000","503.4000","2834774"
"2025-04-08 13:45:00","507.8000","507.9300","504.4800","506.7200","3219638"
"2025-04-08 13:30:00","502.3700","509.1100","502.0300","507.7800","6252338"
"2025-04-08 13:15:00","505.0900","506.8000","502.2500","502.4500","5542622"
"2025-04-08 13:00:00","507.0800","508.5700","503.4700","505.0800","6110432"
"2025-04-08 12:45:00","508.5200","511.5000","507.0200","507.1442","6528076"
"2025-04-08 12:30:00","513.9500","514.6000","507.5800","508.5400","7110657"
"2025-04-08 12:15:00","515.3150","515.4900","511.8000","513.9600","3302188"
"2025-04-08 12:00:00","516.7400","517.2900","515.3000","515.3500","2854310"
"2025-04-08 11:45:00","517.4100","518.1800","514.2350","516.7700","3034184"
"2025-04-08 11:30:00","514.1900","518.5250","514.0000","517.4300","3432754"
"2025-04-08 11:15:00","515.9100","517.0700","514.1000","514.1600","4673347"
"2025-04-08 11:00:00","517.8600","519.2700","515.4950","515.8701","3706599"
"2025-04-08 10:45:00","521.5300","522.4200","517.8100","517.8500","3734894"
"2025-04-08 10:30:00","523.3600","524.2100","521.4600","521.5500","3645382"
"2025-04-08 10:15:00","523.7900","524.9800","522.8100","523.3700","4524183"
"2025-04-08 10:00:00","522.5900","524.4400","522.1400","523.7800","4685496"
"2025-04-08 09:45:00","519.6900","523.2900","518.7400","522.5925","6240661"
"2025-04-08 09:30:00","521.8600","522.1700","517.7900","519.6801","10010373"
"2025-04-08 09:15:00","520.0450","522.2000","519.4900","521.9500","1526773"
"2025-04-08 09:00:00","517.0000","520.3900","516.4800","520.0800","1635416"
"2025-04-08 08:45:00","516.4400","519.4800","482.1650","517.0300","265115"
"2025-04-08 08:30:00","517.6900","518.2000","515.8000","516.4400","324098"
"2025-04-08 08:15:00","518.1100","518.7300","504.3800","517.8300","469662"
"2025-04-08 08:00:00","518.0900","519.3000","504.3800","518.1000","746479"
"2025-04-08 07:45:00","516.2000","518.3600","515.5400","518.0800","347289"
"2025-04-08 07:30:00","513.1400","517.0600","512.8600","516.2000","416836"
"2025-04-08 07:15:00","511.5900","513.7700","511.1900","513.1900","230897"
"2025-04-08 07:00:00","511.7700","512.9000","511.3500","511.5700","243644"
"2025-04-08 06:45:00","512.2800","512.3500","511.2500","511.7400","151781"
"2025-04-08 06:30:00","511.1400","512.8000","511.0000","512.3100","54748"
"2025-04-08 06:15:00","510.4900","511.3500","510.1900","511.0600","82350"
"2025-04-08 06:00:00","510.6700","511.3800","509.9500","510.5000","63192"
"2025-04-08 05:45:00","512.4400","512.4400","510.5900","510.7000","34010"
"2025-04-08 05:30:00","511.6400","512.7300","511.6200","512.4700","28390"
"2025-04-08 05:15:00","512.8200","512.8900","511.2800","511.6200","33030"
"2025-04-08 05:00:00","512.7400","513.0100","512.1200","513.0100","69276"
"2025-04-08 04:45:00","512.4400","512.9400","511.6400","512.6900","40899"
"2025-04-08 04:30:00","510.6100","512.5900","510.5000","512.4000","34116"
"2025-04-08 04:15:00","511.4200","512.0000","510.0600","510.4200","62668"
"2025-04-08 04:00:00","510.5500","513.5900","510.2200","511.4600","74431"
"2025-04-07 20:00:00","504.3800","504.3800","504.3800","504.3800","2261568"
"2025-04-07 19:45:00","509.2500","510.0600","497.4543","509.6600","61675"
"2025-04-07 19:30:00","509.8000","510.0000","508.5200","509.3300","43668"
"2025-04-07 19:15:00","510.1900","510.2900","509.3300","509.8000","131897"
"2025-04-07 19:00:00","509.1000","510.2200","508.9600","510.1800","67460"
"2025-04-07 18:45:00","508.3000","509.1000","508.0200","509.1000","47473"
"2025-04-07 18:30:00","504.3800","508.5050","504.3800","508.4196","2471086"
"2025-04-07 18:15:00","507.7499","508.3550","507.4800","508.3500","83512"
"2025-04-07 18:00:00","507.3400","507.8700","506.5100","507.7788","95511"
"2025-04-07 17:45:00","507.4700","507.4700","507.0000","507.4000","71025"
"2025-04-07 17:30:00","507.0900","507.5500","507.0000","507.4700","109991"
"2025-04-07 17:15:00","506.9900","507.2000","506.9600","507.0900","193595"
"2025-04-07 17:00:00","506.4900","522.7728","480.2688","507.0500","799595"
"2025-04-07 16:45:00","507.2500","540.0329","484.9358","506.4500","337323"
"2025-04-07 16:30:00","507.0450","507.5300","504.4147","507.3000","531786"
"2025-04-07 16:15:00","507.5494","509.1400","504.3800","507.0000","2933615"
"2025-04-07 16:00:00","504.5500","535.8300","501.0319","507.4600","20885942"
"2025-04-07 15:45:00","501.4500","505.1500","500.8000","504.5500","14275141"
"2025-04-07 15:30:00","500.6050","506.6400","500.5600","501.5000","6614472"
"2025-04-07 15:15:00","501.7400","504.3300","500.1400","500.6050","5576017"
"2025-04-07 15:00:00","503.2500","506.3100","500.9203","501.7700","5466141"
"2025-04-07 14:45:00","506.7100","507.6800","502.2800","503.2100","3657590"
"2025-04-07 14:30:00","505.1500","508.3400","504.8100","506.6900","2872417"
"2025-04-07 14:15:00","506.1900","510.4700","504.6600","505.1900","4155638"
"2025-04-07 14:00:00","509.0700","510.0000","505.1800","506.1900","4166382"
"2025-04-07 13:45:00","506.9400","509.3600","498.2651","509.0900","5591443"
"2025-04-07 13:30:00","505.6200","507.1000","502.1600","507.0000","4476901"
"2025-04-07 13:15:00","501.5100","505.9400","500.6200","505.6200","4420752"
"2025-04-07 13:00:00","495.6300","503.0800","495.5900","501.5100","7124521"
"2025-04-07 12:45:00","497.8100","506.5199","494.7000","495.6800","3480779"
"2025-04-07 12:30:00","499.5600","501.7700","496.8500","497.8500","3605326"
"2025-04-07 12:15:00","497.2200","500.5200","495.0150","499.5600","3765503"
"2025-04-07 12:00:00","499.5000","499.6400","495.2700","497.2100","3887910"
"2025-04-07 11:45:00","503.3700","503.7200","499.4600","499.5000","4421748"
"2025-04-07 11:30:00","493.7500","503.9800","493.7300","503.4400","7366218"
"2025-04-07 11:15:00","496.2400","500.6300","492.6600","493.7500","13237298"
"2025-04-07 11:00:00","505.8800","509.7700","495.0700","496.3400","10767755"
"2025-04-07 10:45:00","500.0000","508.7800","488.9447","505.9100","8607067"
"2025-04-07 10:30:00","498.2100","505.9300","493.6700","499.9900","15300197"
"2025-04-07 10:15:00","513.8350","523.1700","497.4700","498.1900","28416655"
"2025-04-07 10:00:00","495.6700","517.4350","493.3700","513.7800","20855331"
"2025-04-07 09:45:00","483.8400","496.4600","482.5100","495.6900","13095997"
"2025-04-07 09:30:00","489.1900","489.3000","481.8000","483.8650","15983854"
"2025-04-07 09:15:00","492.5400","492.7400","488.7200","489.2100","1236079"
"2025-04-07 09:00:00","496.0700","496.1700","491.3800","492.7000","1046490"
"2025-04-07 08:45:00","493.0400","505.2800","490.5000","496.1400","1973540"
"2025-04-07 08:30:00","495.9500","497.7500","492.4600","493.0800","1200417"
"2025-04-07 08:15:00","492.2300","496.8800","490.7000","496.1299","986552"
"2025-04-07 08:00:00","493.4100","505.2800","479.4700","492.2100","2491400"
"2025-04-07 07:45:00","493.4400","494.3300","492.0600","493.4900","305587"
"2025-04-07 07:30:00","496.3500","496.6000","492.1000","493.4900","509898"
"2025-04-07 07:15:00","497.0100","497.3600","494.7700","496.3800","395925"
"2025-04-07 07:00:00","494.8200","498.5800","493.9300","496.9400","655714"
"2025-04-07 06:45:00","498.2600","498.7000","493.6100","494.7900","455797"
"2025-04-07 06:30:00","493.4900","498.9000","492.4900","498.5000","298452"
"2025-04-07 06:15:00","493.4000","495.2900","492.3100","493.5100","297332"
"2025-04-07 06:00:00","488.8300","493.8400","487.6900","493.3500","510761"
"2025-04-07 05:45:00","489.3300","490.7000","488.4000","488.8000","119557"
"2025-04-07 05:30:00","487.0000","489.5900","486.7500","489.3300","147964"
"2025-04-07 05:15:00","487.1000","487.3000","484.7300","487.0600","127424"
"2025-04-07 05:00:00","487.7700","488.8400","486.2700","487.1000","164062"
"2025-04-07 04:45:00","489.7600","490.4000","487.7600","487.7600","163508"
"2025-04-07 04:30:00","488.7000","490.7400","487.2900","489.8400","153489"
"2025-04-07 04:15:00","486.8600","490.0800","486.8600","488.7300","304135"
"2025-04-07 04:00:00","486.9000","491.0900","482.8600","486.8600","368294"
"2025-04-04 20:00:00","505.2800","505.2800","505.2800","505.2800","6363290"
"2025-04-04 19:45:00","504.5500","505.6900","504.5500","505.5000","74114"
"2025-04-04 19:30:00","504.8300","505.2800","504.4500","504.6200","61162"
"2025-04-04 19:15:00","504.7200","504.9000","504.5000","504.8400","54358"
"2025-04-04 19:00:00","505.0100","505.2000","504.5000","504.7398","22791"
"2025-04-04 18:45:00","505.4100","505.5500","504.7800","505.2000","62629"
"2025-04-04 18:30:00","505.2800","537.7500","505.0500","505.4100","6417696"
"2025-04-04 18:15:00","504.7900","505.5900","504.6300","505.2600","1444847"
"2025-04-04 18:00:00","504.9450","505.1800","504.6400","504.7985","47029"
"2025-04-04 17:45:00","506.1300","506.2800","504.8700","504.9400","407870"
"2025-04-04 17:30:00","505.0100","506.2600","505.0000","506.1550","147898"
"2025-04-04 17:15:00","505.0000","527.4128","488.8931","505.0100","162098"
"2025-04-04 17:00:00","504.5011","527.4128","488.8931","504.9700","1519900"
"2025-04-04 16:45:00","505.1800","526.8043","504.5000","504.5000","1972868"
"2025-04-04 16:30:00","503.1200","537.7002","502.8400","505.1800","2477377"
"2025-04-04 16:15:00","505.1986","508.5004","502.1700","503.0200","1271995"
"2025-04-04 16:00:00","505.5000","537.7002","503.5800","505.1500","36776904"
"2025-04-04 15:45:00","512.1600","513.1600","505.0600","505.5000","21628405"
"2025-04-04 15:30:00","510.5300","513.9197","509.9700","512.2183","9282872"
"2025-04-04 15:15:00","510.1250","512.0400","507.6200","510.5200","6807746"
"2025-04-04 15:00:00","507.7800","510.6700","506.3900","510.1650","5557875"
"2025-04-04 14:45:00","505.8700","508.9700","505.6300","507.7800","5458718"
"2025-04-04 14:30:00","508.9100","509.2600","505.5200","505.8700","6593317"
"2025-04-04 14:15:00","511.5000","511.5820","508.5600","508.8000","4200796"
"2025-04-04 14:00:00","514.5900","523.6401","511.4200","511.5600","5029607"
"2025-04-04 13:45:00","512.7900","514.6400","512.2400","514.5700","4367183"
"2025-04-04 13:30:00","511.1600","514.0600","509.7490","512.7634","4739910"
"2025-04-04 13:15:00","509.6700","512.0800","508.3250","511.1600","4984253"
"2025-04-04 13:00:00","512.0800","513.5900","509.4400","509.7500","4149898"
"2025-04-04 12:45:00","512.1250","513.1600","511.2000","512.0750","3017974"
"2025-04-04 12:30:00","512.3400","514.3600","510.9100","512.1100","4477440"
"2025-04-04 12:15:00","516.7200","517.0500","511.8600","512.3900","3212109"
"2025-04-04 12:00:00","514.9800","517.4585","514.8450","516.6700","3135428"
"2025-04-04 11:45:00","515.9500","518.3500","514.7400","514.9600","3974615"
"2025-04-04 11:30:00","516.4000","517.8800","514.0000","515.9350","5433718"
"2025-04-04 11:15:00","520.8600","522.5900","516.2100","516.3500","8205307"
"2025-04-04 11:00:00","515.4700","521.9301","514.7900","520.9050","10843031"
"2025-04-04 10:45:00","514.6200","516.3900","510.0500","515.5250","9961738"
"2025-04-04 10:30:00","516.2600","517.5300","514.4100","514.6100","6803051"
"2025-04-04 10:15:00","518.4200","519.4900","516.2400","516.2900","5225939"
"2025-04-04 10:00:00","523.1800","523.2600","518.0000","518.4800","5581638"
"2025-04-04 09:45:00","520.2200","524.4900","519.5800","523.1800","7905989"
"2025-04-04 09:30:00","523.6700","525.8700","519.1500","520.2200","11923137"
"2025-04-04 09:15:00","524.2700","524.9500","522.8000","523.7300","1100925"
"2025-04-04 09:00:00","524.9300","526.6000","524.2700","524.3500","987214"
"2025-04-04 08:45:00","524.3400","536.7000","523.0100","524.8200","1241679"
"2025-04-04 08:30:00","523.4000","536.5000","520.7900","524.3100","1241244"
"2025-04-04 08:15:00","522.5975","524.0200","521.3100","523.1100","764928"
"2025-04-04 08:00:00","522.0200","537.0700","515.9970","522.6600","1113229"
"2025-04-04 07:45:00","517.9000","523.2700","517.8300","523.0100","855454"
"2025-04-04 07:30:00","517.5000","520.8000","515.8800","517.9000","801280"
"2025-04-04 07:15:00","521.6700","522.7500","517.2100","517.6000","737390"
"2025-04-04 07:00:00","521.8700","523.6900","521.2600","521.6700","528804"
"2025-04-04 06:45:00","523.8200","524.1200","520.6500","521.8000","630166"
"2025-04-04 06:30:00","523.5000","526.4600","523.2300","523.7800","484555"
"2025-04-04 06:15:00","530.0900","530.3800","523.3300","523.5700","757141"
"2025-04-04 06:00:00","533.2700","533.8800","529.6800","530.1900","280195"
"2025-04-04 05:45:00","533.3900","533.8500","532.6900","533.0600","33058"
"2025-04-04 05:30:00","532.6400","533.8800","532.0300","533.3700","47843"
"2025-04-04 05:15:00","533.2300","533.8700","532.6000","532.6400","11772"
"2025-04-04 05:00:00","533.6800","533.7800","532.6100","533.1200","18087"
"2025-04-04 04:45:00","533.6700","534.3900","533.0500","533.4400","17547"
"2025-04-04 04:30:00","534.1900","534.3600","533.0100","533.5900","19872"
"2025-04-04 04:15:00","533.7700","535.0600","533.4200","534.2900","21195"
"2025-04-04 04:00:00","535.2800","535.2800","533.4000","533.8600","39145"
"2025-04-03 20:00:00","536.7000","536.7000","536.7000","536.7000","5249144"
"2025-04-03 19:45:00","536.5600","537.0000","536.2000","536.3200","57185"
"2025-04-03 19:30:00","536.4000","536.7300","536.2700","536.5900","62862"
"2025-04-03 19:15:00","536.0400","536.4900","535.3900","536.4600","116200"
"2025-04-03 19:00:00","536.1200","536.4200","535.8000","536.0586","32997"
"2025-04-03 18:45:00","536.1700","540.5000","535.8300","536.1194","14900"
"2025-04-03 18:30:00","536.7000","536.7000","535.6900","536.1810","5287329"
"2025-04-03 18:15:00","536.1500","536.6200","534.8975","535.7000","123422"
"2025-04-03 18:00:00","536.4600","537.1900","535.9200","536.1550","161491"
"2025-04-03 17:45:00","536.4800","536.6600","536.3700","536.5900","54128"
"2025-04-03 17:30:00","536.4800","536.5500","536.1600","536.4500","67021"
"2025-04-03 17:15:00","536.5200","536.6300","519.8712","536.4250","76949"
"2025-04-03 17:00:00","536.2100","561.1043","519.8712","536.5200","347048"
"2025-04-03 16:45:00","536.0200","536.3800","531.6949","536.2500","246332"
"2025-04-03 16:30:00","535.6750","536.6800","535.6200","536.0500","749750"
"2025-04-03 16:15:00","537.4000","538.7600","535.6600","535.6600","646845"
"2025-04-03 16:00:00","537.6700","564.9647","536.6500","537.4499","27331329"
"2025-04-03 15:45:00","539.4600","539.5700","536.9000","537.6400","15308040"
"2025-04-03 15:30:00","539.0400","539.6300","538.0100","539.4600","5126459"
"2025-04-03 15:15:00","540.9400","540.9498","538.5500","539.0300","5100611"
"2025-04-03 15:00:00","541.7700","542.0000","540.7800","540.9000","2762798"
"2025-04-03 14:45:00","541.9800","542.3500","541.1500","541.7900","2039697"
"2025-04-03 14:30:00","540.7700","542.0899","539.9402","541.9700","3076705"
"2025-04-03 14:15:00","540.7700","541.3982","540.3650","540.7900","2287009"
"2025-04-03 14:00:00","541.8400","542.5300","540.7000","540.7800","1972694"
"2025-04-03 13:45:00","543.4500","543.7900","541.7700","541.8500","2041262"
"2025-04-03 13:30:00","542.2400","543.5800","541.9100","543.4600","1963963"
"2025-04-03 13:15:00","543.4550","543.6400","541.9200","542.2600","1679598"
"2025-04-03 13:00:00","543.4600","544.3700","542.8950","543.4700","1812006"
"2025-04-03 12:45:00","544.5650","544.9900","542.9850","543.4400","2246747"
"2025-04-03 12:30:00","545.9400","546.3600","543.9600","544.5600","2713866"
"2025-04-03 12:15:00","545.0200","545.9600","544.5700","545.9200","2237074"
"2025-04-03 12:00:00","543.5100","545.2600","543.3900","545.0500","2653076"
"2025-04-03 11:45:00","543.9200","544.4199","542.0900","543.5100","2755093"
"2025-04-03 11:30:00","541.7800","544.3100","541.6400","543.9000","3579596"
"2025-04-03 11:15:00","541.4400","542.7700","541.1900","541.7300","3488302"
"2025-04-03 11:00:00","540.2000","542.1900","539.5800","541.4600","4587238"
"2025-04-03 10:45:00","542.1400","542.2500","540.1000","540.1900","4732423"
"2025-04-03 10:30:00","543.0400","543.9000","541.5900","542.1900","3748723"
"2025-04-03 10:15:00","542.6800","543.7400","541.5700","543.0700","5513594"
"2025-04-03 10:00:00","544.8600","545.2200","542.0000","542.6899","4958511"
"2025-04-03 09:45:00","546.3200","547.1600","544.1800","544.9200","5549831"
"2025-04-03 09:30:00","545.1100","547.9700","544.8900","546.3200","9132944"
"2025-04-03 09:15:00","544.0000","545.4093","543.3500","545.0600","486606"
"2025-04-03 09:00:00","543.6000","561.7200","543.0700","544.0300","348799"
"2025-04-03 08:45:00","544.7050","564.5200","543.5200","543.6800","312051"
"2025-04-03 08:30:00","546.1000","564.5200","544.4200","544.7000","332848"
"2025-04-03 08:15:00","547.1000","547.1550","545.8600","545.8600","293408"
"2025-04-03 08:00:00","545.3600","564.5200","544.5200","547.2300","640992"
"2025-04-03 07:45:00","546.1700","546.3950","545.5700","545.9800","140390"
"2025-04-03 07:30:00","545.7000","546.4200","544.7600","546.1200","269977"
"2025-04-03 07:15:00","546.5100","546.7300","545.0000","545.7700","107357"
"2025-04-03 07:00:00","545.6000","546.7700","545.1300","546.5300","209320"
"2025-04-03 06:45:00","545.9900","546.1800","544.3400","545.4700","187011"
"2025-04-03 06:30:00","545.3200","546.0700","544.9200","545.9900","64123"
"2025-04-03 06:15:00","545.4500","546.1600","545.0500","545.3400","54742"
"2025-04-03 06:00:00","546.4700","547.0000","545.4900","545.6600","89682"
"2025-04-03 05:45:00","547.5200","547.5300","546.1300","546.4800","50722"
"2025-04-03 05:30:00","547.1400","547.9700","547.1300","547.6600","14784"
"2025-04-03 05:15:00","547.5100","547.9400","547.0600","547.1000","23301"
"2025-04-03 05:00:00","548.9200","549.3400","547.5200","547.5400","48595"
"2025-04-03 04:45:00","548.6500","549.1800","548.2000","548.8700","45725"
"2025-04-03 04:30:00","548.9000","549.5300","548.5000","548.5900","27344"
"2025-04-03 04:15:00","548.2300","549.1300","548.1700","548.8000","31994"
"2025-04-03 04:00:00","547.0000","548.8800","547.0000","548.3400","69910"
"2025-04-02 20:00:00","564.5200","564.5200","564.5200","564.5200","1167134"
"2025-04-02 19:45:00","544.3500","545.1000","543.9400","545.0000","164670"
"2025-04-02 19:30:00","545.5400","545.6400","544.2000","544.3500","124947"
"2025-04-02 19:15:00","546.0090","546.0100","544.6600","545.5400","188703"
"2025-04-02 19:00:00","546.6500","546.6500","544.0000","546.0100","174300"
"2025-04-02 18:45:00","545.1901","547.5000","545.1901","546.5103","192612"
"2025-04-02 18:30:00","564.5200","564.5200","544.8700","545.2000","1413296"
"2025-04-02 18:15:00","545.2200","545.6500","542.1000","545.6000","529795"
"2025-04-02 18:00:00","547.2500","548.7700","544.5000","545.2900","879147"
"2025-04-02 17:45:00","548.8300","549.2800","546.3300","547.2500","581115"
"2025-04-02 17:30:00","549.8800","550.6500","548.7500","548.7900","642515"
"2025-04-02 17:15:00","549.5000","551.2000","549.2500","549.8500","802627"
"2025-04-02 17:00:00","552.3000","566.3735","518.1757","549.5000","1897701"
"2025-04-02 16:45:00","552.3000","566.3735","518.1757","552.4200","2274942"
"2025-04-02 16:30:00","556.6200","566.3735","550.4600","552.3100","5094975"
"2025-04-02 16:15:00","568.7750","570.7900","555.4900","556.4700","5139901"
"2025-04-02 16:00:00","564.6500","569.5700","561.1650","568.7700","10086341"
"2025-04-02 15:45:00","564.7100","565.6550","564.6200","564.6500","7484075"
"2025-04-02 15:30:00","563.1800","564.9000","562.6500","564.7100","2525716"
"2025-04-02 15:15:00","562.1200","563.3702","561.6600","563.2000","1150964"
"2025-04-02 15:00:00","561.1500","562.9499","561.1350","562.0900","1122759"
"2025-04-02 14:45:00","563.3600","563.5100","561.1000","561.1100","1003483"
"2025-04-02 14:30:00","561.1100","563.7850","560.9600","563.3500","1877780"
"2025-04-02 14:15:00","563.0000","563.2100","561.1000","561.1000","1357429"
"2025-04-02 14:00:00","564.0800","564.4500","562.0600","563.0200","1485756"
"2025-04-02 13:45:00","564.5100","564.5300","563.2100","564.1000","1545057"
"2025-04-02 13:30:00","566.0300","566.0989","564.1750","564.5681","1643662"
"2025-04-02 13:15:00","566.9300","566.9500","565.9100","566.0769","1448680"
"2025-04-02 13:00:00","565.6900","567.4200","565.6200","566.9200","2234778"
"2025-04-02 12:45:00","564.5100","566.0600","564.2175","565.6800","2158507"
"2025-04-02 12:30:00","564.2900","564.5600","563.5700","564.5000","1090751"
"2025-04-02 12:15:00","563.5400","564.2800","563.3400","564.2800","1371196"
"2025-04-02 12:00:00","562.3100","563.6000","562.0800","563.5400","924956"
"2025-04-02 11:45:00","562.3600","562.6700","561.1022","562.2836","1391411"
"2025-04-02 11:30:00","563.3000","563.7300","562.2600","562.4050","1495304"
"2025-04-02 11:15:00","561.1200","563.7500","560.8600","563.3300","1445398"
"2025-04-02 11:00:00","562.0700","562.1600","561.0900","561.1000","1143653"
"2025-04-02 10:45:00","560.8300","562.2696","560.7300","562.0900","1093495"
"2025-04-02 10:30:00","560.8450","561.5700","560.3400","560.7700","1246088"
"2025-04-02 10:15:00","559.0900","560.9162","558.9060","560.8600","1136064"
"2025-04-02 10:00:00","558.7100","560.6300","558.2900","559.1588","1636770"
"2025-04-02 09:45:00","558.8000","559.7800","558.4100","558.7300","2333340"
"2025-04-02 09:30:00","555.0500","559.0000","554.8100","558.8150","4357347"
"2025-04-02 09:15:00","555.5000","555.9199","554.8400","555.0300","199169"
"2025-04-02 09:00:00","556.1400","556.2200","555.4400","555.5000","117168"
"2025-04-02 08:45:00","555.8000","560.9700","555.7100","556.1650","121814"
"2025-04-02 08:30:00","555.0397","555.9700","555.0208","555.8400","133563"
"2025-04-02 08:15:00","556.6591","557.0300","554.9700","554.9950","171970"
"2025-04-02 08:00:00","559.6147","560.9700","555.9600","556.5800","289758"
"2025-04-02 07:45:00","557.5500","557.9000","557.1000","557.1700","57161"
"2025-04-02 07:30:00","557.6800","558.0500","557.2000","557.6500","33660"
"2025-04-02 07:15:00","557.9000","558.1400","557.6000","557.6500","45896"
"2025-04-02 07:00:00","557.9900","558.2500","557.4600","557.9000","69396"
"2025-04-02 06:45:00","557.7500","558.3500","557.7500","557.9600","31388"
"2025-04-02 06:30:00","558.3900","558.5300","557.6000","557.8200","135746"
"2025-04-02 06:15:00","558.7400","559.0000","557.9500","558.5000","30793"
"2025-04-02 06:00:00","559.1000","559.2000","557.7500","558.7000","161222"
"2025-04-02 05:45:00","559.5300","559.5400","559.0000","559.0600","6774"
"2025-04-02 05:30:00","559.1300","559.7700","559.0900","559.7400","1834"
"2025-04-02 05:15:00","559.5900","559.6200","559.0800","559.1700","2768"
"2025-04-02 05:00:00","559.3200","559.8700","559.2500","559.6600","4629"
"2025-04-02 04:45:00","559.8600","559.8800","559.3200","559.3900","6545"
"2025-04-02 04:30:00","559.5700","560.2400","559.5500","559.9100","4195"
"2025-04-02 04:15:00","559.2500","559.7300","559.1600","559.6800","3930"
"2025-04-02 04:00:00","560.2800","560.2800","558.9000","559.1900","17263"
"2025-04-01 20:00:00","560.9700","560.9700","560.9700","560.9700","1130711"
"2025-04-01 19:45:00","562.0300","562.1500","561.7100","561.8500","13554"
"2025-04-01 19:30:00","562.1400","562.2800","561.9500","562.0000","6717"
"2025-04-01 19:15:00","561.7700","562.1900","561.7700","562.1400","19573"
"2025-04-01 19:00:00","561.8000","561.8600","561.5712","561.7900","9085"
"2025-04-01 18:45:00","562.0000","562.0900","561.6500","561.8100","23137"
"2025-04-01 18:30:00","560.9700","562.4000","560.9700","561.9611","1197751"
"2025-04-01 18:15:00","562.0900","562.7200","561.8700","562.3300","38192"
"2025-04-01 18:00:00","560.9400","563.0000","560.8000","562.1050","77884"
"2025-04-01 17:45:00","560.9500","561.1300","560.8000","560.9300","44876"
"2025-04-01 17:30:00","560.8900","560.9600","560.6900","560.9600","27937"
"2025-04-01 17:15:00","560.7600","561.1000","560.7100","560.8900","21606"
"2025-04-01 17:00:00","560.8600","560.9700","524.4695","560.7985","176884"
"2025-04-01 16:45:00","560.3200","581.7220","524.4695","560.7900","837967"
"2025-04-01 16:30:00","560.4400","560.9700","560.2100","560.3100","163665"
"2025-04-01 16:15:00","561.0100","561.0600","559.0374","560.4450","551581"
"2025-04-01 16:00:00","561.0600","561.3700","558.9200","561.0000","6705491"
"2025-04-01 15:45:00","559.9300","561.5200","559.8000","561.0300","5864431"
"2025-04-01 15:30:00","558.4300","560.0566","558.1713","559.9400","1973125"
"2025-04-01 15:15:00","558.1400","558.9950","557.9400","558.4293","1573971"
"2025-04-01 15:00:00","557.6600","558.4300","557.4300","558.1448","1244040"
"2025-04-01 14:45:00","557.1700","557.7799","556.1500","557.6620","1164855"
"2025-04-01 14:30:00","556.6750","557.2790","556.4300","557.2000","1072467"
"2025-04-01 14:15:00","557.7300","557.7900","556.4293","556.6895","1495928"
"2025-04-01 14:00:00","559.0000","559.1700","557.0850","557.7100","2099952"
"2025-04-01 13:45:00","559.3000","560.2800","558.9100","559.0000","812250"
"2025-04-01 13:30:00","559.3300","560.3600","559.1000","559.3500","1083291"
"2025-04-01 13:15:00","560.7350","560.8600","559.1800","559.4200","1123633"
"2025-04-01 13:00:00","560.6727","561.1200","559.9700","560.7500","843043"
"2025-04-01 12:45:00","559.5000","561.3800","559.3800","560.6900","1239115"
"2025-04-01 12:30:00","560.7600","561.0600","559.3350","559.4700","1881950"
"2025-04-01 12:15:00","562.2000","562.9400","560.6500","560.7500","1604666"
"2025-04-01 12:00:00","561.5900","562.4100","561.2000","562.2200","972089"
"2025-04-01 11:45:00","561.1000","561.7600","560.7600","561.5700","1077031"
"2025-04-01 11:30:00","560.8200","561.2200","560.2000","561.1047","1363663"
"2025-04-01 11:15:00","561.3800","561.8794","560.5950","560.7990","2374221"
"2025-04-01 11:00:00","559.7150","561.4400","559.4000","561.4000","2586362"
"2025-04-01 10:45:00","557.9600","559.8000","557.4800","559.7200","2042389"
"2025-04-01 10:30:00","555.1350","558.6300","555.0300","557.9500","2157268"
"2025-04-01 10:15:00","554.3200","555.7950","553.6800","555.1400","2027604"
"2025-04-01 10:00:00","557.1525","557.5700","554.2300","554.3100","2779273"
"2025-04-01 09:45:00","556.9250","558.5800","556.7504","557.2200","1972056"
"2025-04-01 09:30:00","557.4500","557.7200","556.0000","556.9250","2539216"
"2025-04-01 09:15:00","557.7700","558.1000","557.3600","557.4300","179477"
"2025-04-01 09:00:00","557.0500","557.9700","557.0200","557.8400","108312"
"2025-04-01 08:45:00","556.4900","559.3900","556.2500","557.0700","112338"
"2025-04-01 08:30:00","556.2900","559.3900","551.5900","556.4850","58294"
"2025-04-01 08:15:00","556.6600","559.3900","555.9000","556.3100","63196"
"2025-04-01 08:00:00","557.5487","559.7700","555.4300","556.6600","178864"
"2025-04-01 07:45:00","556.1100","556.4800","555.7800","556.2800","52831"
"2025-04-01 07:30:00","556.3300","556.7000","555.4400","556.1600","179756"
"2025-04-01 07:15:00","556.6000","556.8300","556.2500","556.4200","35453"
"2025-04-01 07:00:00","557.4400","557.5700","556.6000","556.6400","63640"
"2025-04-01 06:45:00","556.7700","557.7000","556.7000","557.4200","57312"
"2025-04-01 06:30:00","557.1300","557.3700","556.0000","556.8400","113164"
"2025-04-01 06:15:00","557.8900","558.1800","557.1000","557.1700","16965"
"2025-04-01 06:00:00","559.5000","559.5000","557.5500","557.8900","40336"
"2025-04-01 05:45:00","559.7800","559.8900","559.4800","559.5000","8676"
"2025-04-01 05:30:00","559.1200","559.8300","559.0800","559.7600","6150"
"2025-04-01 05:15:00","558.9600","559.3400","558.9300","559.1400","8318"
"2025-04-01 05:00:00","558.9900","559.3400","558.8500","558.9400","16143"
"2025-04-01 04:45:00","558.7400","559.0200","558.4500","558.9700","10939"
"2025-04-01 04:30:00","558.2600","558.8000","558.0800","558.7700","12760"
"2025-04-01 04:15:00","557.5200","558.4000","557.4000","558.3000","12398"
"2025-04-01 04:00:00","557.2700","558.0000","557.2700","557.6000","24088"
"2025-03-31 20:00:00","559.3900","559.3900","559.3900","559.3900","3454272"
"2025-03-31 19:45:00","556.9500","557.2000","556.7300","557.0600","36432"
"2025-03-31 19:30:00","557.2000","557.3000","556.8500","557.0150","14066"
"2025-03-31 19:15:00","557.8450","557.8500","557.0300","557.1900","11325"
"2025-03-31 19:00:00","557.4200","558.0700","557.2250","557.8100","23484"
"2025-03-31 18:45:00","557.5300","557.9800","557.3900","557.4500","46839"
"2025-03-31 18:30:00","559.3900","559.3900","556.9200","557.5450","3482395"
"2025-03-31 18:15:00","556.5200","557.1100","556.1700","557.0000","99664"
"2025-03-31 18:00:00","558.0100","558.0600","358.0000","556.5500","142761"
"2025-03-31 17:45:00","558.1500","558.1800","558.0100","558.0500","24605"
"2025-03-31 17:30:00","558.0350","558.1800","425.9100","558.1500","11596"
"2025-03-31 17:15:00","558.0000","559.3900","557.9700","558.0000","59393"
"2025-03-31 17:00:00","557.9700","565.8309","519.7003","558.0000","405777"
"2025-03-31 16:45:00","558.2000","558.2000","519.7003","535.4727","65631"
"2025-03-31 16:30:00","558.0700","559.3900","557.9200","558.2396","177433"
"2025-03-31 16:15:00","558.1000","559.3900","555.9451","558.0600","516927"
"2025-03-31 16:00:00","559.1400","559.3900","554.9923","558.1000","29590821"
"2025-03-31 15:45:00","559.3900","560.0600","557.8400","559.1500","12489397"
"2025-03-31 15:30:00","557.3900","560.7112","557.1300","559.4200","5697972"
"2025-03-31 15:15:00","558.5100","559.1900","557.2113","557.4100","5035622"
"2025-03-31 15:00:00","556.3900","558.9300","556.3650","558.5100","2887986"
"2025-03-31 14:45:00","557.3600","557.8700","556.2600","556.3900","2562036"
"2025-03-31 14:30:00","556.9300","557.9500","556.7400","557.3500","2258439"
"2025-03-31 14:15:00","556.1200","556.9600","555.7300","556.9500","2368798"
"2025-03-31 14:00:00","553.1500","556.9450","553.0200","556.1200","3613898"
"2025-03-31 13:45:00","553.0100","554.1300","552.7100","553.1600","1073246"
"2025-03-31 13:30:00","553.6303","554.2100","552.9400","553.0200","935608"
"2025-03-31 13:15:00","554.8100","554.8509","552.8200","553.6400","1536682"
"2025-03-31 13:00:00","553.2600","555.1600","553.0238","554.8100","1359489"
"2025-03-31 12:45:00","553.9500","554.4599","553.1200","553.3300","924817"
"2025-03-31 12:30:00","554.5500","554.5500","553.7300","553.9300","874524"
"2025-03-31 12:15:00","552.4400","554.5900","552.2500","554.5550","1554701"
"2025-03-31 12:00:00","553.3200","553.8400","551.9150","552.4800","1129251"
"2025-03-31 11:45:00","553.2500","554.1200","553.1300","553.3200","1493038"
"2025-03-31 11:30:00","552.5100","553.8300","552.0937","553.2500","1315346"
"2025-03-31 11:15:00","551.4300","553.4700","551.2360","552.5300","1768560"
"2025-03-31 11:00:00","551.6100","552.6000","551.3320","551.4200","1944009"
"2025-03-31 10:45:00","550.8600","551.9800","550.6300","551.6000","1335124"
"2025-03-31 10:30:00","549.5500","551.9200","549.4900","550.8700","2519820"
"2025-03-31 10:15:00","550.8800","551.1000","549.4300","549.5100","1896774"
"2025-03-31 10:00:00","549.7500","551.5900","549.6400","550.9100","2246992"
"2025-03-31 09:45:00","547.4200","550.5400","546.8700","549.7400","3791848"
"2025-03-31 09:30:00","549.8300","550.6300","547.3800","547.4214","4776422"
"2025-03-31 09:15:00","550.7700","555.6600","549.7100","549.8900","245060"
"2025-03-31 09:00:00","550.8900","551.2000","550.5200","550.7250","129815"
"2025-03-31 08:45:00","550.8015","555.6600","550.5600","550.8800","75973"
"2025-03-31 08:30:00","550.0600","550.8400","549.9000","550.8400","138910"
"2025-03-31 08:15:00","549.5500","550.2600","549.2000","550.0500","152436"
"2025-03-31 08:00:00","550.8100","555.6600","548.7100","549.5500","184118"
"2025-03-31 07:45:00","549.2900","549.9400","549.2500","549.7100","136475"
"2025-03-31 07:30:00","549.2800","549.6500","548.7000","549.3300","156203"
"2025-03-31 07:15:00","550.0500","550.4900","549.1400","549.2500","82758"
"2025-03-31 07:00:00","550.7400","551.0700","549.8600","550.0500","75615"
"2025-03-31 06:45:00","550.6500","551.0700","550.5900","550.7000","64408"
"2025-03-31 06:30:00","550.6100","550.9000","550.5200","550.7000","31174"
"2025-03-31 06:15:00","550.5600","550.6500","550.1700","550.5800","84076"
"2025-03-31 06:00:00","550.4700","550.7200","550.1200","550.5400","47296"
"2025-03-31 05:45:00","550.3400","550.5900","550.1200","550.4200","24054"
"2025-03-31 05:30:00","551.0100","551.2400","550.3200","550.3700","9084"
"2025-03-31 05:15:00","549.9800","551.1200","549.9800","550.9700","35779"
"2025-03-31 05:00:00","550.7300","550.7400","549.7800","549.9500","35214"
"2025-03-31 04:45:00","551.1500","551.2300","550.7400","550.8000","36286"
"2025-03-31 04:30:00","551.5700","551.7500","551.1700","551.1700","14560"
"2025-03-31 04:15:00","552.4400","552.5700","551.3200","551.5400","17855"
"2025-03-31 04:00:00","552.6000","552.6000","551.2200","552.4400","56227"
"2025-03-28 20:00:00","555.6600","555.6600","555.6600","555.6600","2579895"
"2025-03-28 19:45:00","554.2000","554.2500","553.9100","554.1150","17202"
"2025-03-28 19:30:00","554.2350","554.3000","554.1500","554.2000","5461"
"2025-03-28 19:15:00","554.2150","554.3200","554.1100","554.2000","8870"
"2025-03-28 19:00:00","554.2500","554.3700","554.1100","554.2150","5401"
"2025-03-28 18:45:00","554.4800","554.5200","554.2030","554.3000","3803"
"2025-03-28 18:30:00","555.6600","555.6600","554.0000","554.4800","2597352"
"2025-03-28 18:15:00","554.2900","554.5200","554.0000","554.4700","37058"
"2025-03-28 18:00:00","554.0750","554.3500","553.8500","554.1450","36456"
"2025-03-28 17:45:00","553.9800","554.1300","553.9000","554.0603","15633"
"2025-03-28 17:30:00","554.0600","554.1700","553.9000","553.9700","31840"
"2025-03-28 17:15:00","553.9500","554.0900","553.5100","554.0300","23096"
"2025-03-28 17:00:00","553.7600","564.5945","523.4996","553.9600","138287"
"2025-03-28 16:45:00","554.2400","575.3941","516.4665","553.7250","136673"
"2025-03-28 16:30:00","554.2400","554.3800","538.2559","554.2400","144616"
"2025-03-28 16:15:00","554.7800","567.0800","554.1000","554.2000","567647"
"2025-03-28 16:00:00","555.8400","567.0790","554.5550","554.7893","15891574"
"2025-03-28 15:45:00","555.3800","556.5000","555.2000","555.8300","9715747"
"2025-03-28 15:30:00","555.7800","555.8242","555.0700","555.3750","2886807"
"2025-03-28 15:15:00","556.2400","556.4200","555.6600","555.7700","1617076"
"2025-03-28 15:00:00","556.2100","556.7200","555.9300","556.2375","1682428"
"2025-03-28 14:45:00","555.5900","556.2400","555.3100","556.1800","1749256"
"2025-03-28 14:30:00","555.9650","556.3400","555.5000","555.6000","1300455"
"2025-03-28 14:15:00","556.3494","556.7000","555.6300","555.9900","1231954"
"2025-03-28 14:00:00","556.3900","556.9700","555.9600","556.3300","1656487"
"2025-03-28 13:45:00","555.7100","556.4500","555.5000","556.4100","1267445"
"2025-03-28 13:30:00","555.4000","556.1100","555.2200","555.6900","1430965"
"2025-03-28 13:15:00","555.7700","556.7000","555.2500","555.3900","1846853"
"2025-03-28 13:00:00","556.5000","556.5400","555.6400","555.7900","1684866"
"2025-03-28 12:45:00","556.8800","557.5787","556.4400","556.5432","1268213"
"2025-03-28 12:30:00","556.8450","557.4633","556.8350","556.9000","1440784"
"2025-03-28 12:15:00","558.1000","558.1785","556.6310","556.8400","1807607"
"2025-03-28 12:00:00","557.9200","558.8000","557.9000","558.1150","1088227"
"2025-03-28 11:45:00","559.0400","559.3200","557.9100","557.9300","1149933"
"2025-03-28 11:30:00","558.9400","559.8000","558.6600","559.0800","1552994"
"2025-03-28 11:15:00","558.9499","559.2500","558.0750","558.9400","1543543"
"2025-03-28 11:00:00","558.8000","559.3500","557.7700","558.9300","3145933"
"2025-03-28 10:45:00","559.6000","559.6587","558.2600","558.7900","1873705"
"2025-03-28 10:30:00","559.5650","560.1500","558.3300","559.6000","3912270"
"2025-03-28 10:15:00","561.3900","561.4981","559.4900","559.5700","4018973"
"2025-03-28 10:00:00","563.8400","564.3600","561.1500","561.3800","3228796"
"2025-03-28 09:45:00","565.0400","565.5600","563.7600","563.9399","1432656"
"2025-03-28 09:30:00","565.5300","566.2675","564.3700","565.0100","2637621"
"2025-03-28 09:15:00","566.1900","566.6400","555.9200","565.5100","289203"
"2025-03-28 09:00:00","564.4600","566.1900","564.2900","566.1400","483972"
"2025-03-28 08:45:00","564.9100","567.0800","564.4300","564.4300","116681"
"2025-03-28 08:30:00","565.9500","567.1500","564.5000","564.9000","296937"
"2025-03-28 08:15:00","566.0000","567.0800","565.9250","566.1200","47282"
"2025-03-28 08:00:00","564.6155","567.9000","564.4200","566.0198","77955"
"2025-03-28 07:45:00","566.1900","566.4900","565.9900","566.4500","33533"
"2025-03-28 07:30:00","566.2500","566.2500","565.8000","566.1900","103641"
"2025-03-28 07:15:00","566.0800","566.6500","566.0800","566.2500","27035"
"2025-03-28 07:00:00","566.7000","566.8000","566.0200","566.0500","17394"
"2025-03-28 06:45:00","566.9600","567.0900","566.5000","566.6000","19681"
"2025-03-28 06:30:00","566.8000","567.1000","566.6800","566.9600","5542"
"2025-03-28 06:15:00","566.4500","566.8800","566.4000","566.7500","3709"
"2025-03-28 06:00:00","565.7000","566.6700","565.6400","566.4300","4279"
"2025-03-28 05:45:00","565.9400","565.9500","565.4200","565.6400","3179"
"2025-03-28 05:30:00","565.9200","566.1800","565.7000","566.1000","6819"
"2025-03-28 05:15:00","565.9500","566.0100","565.7800","565.9200","3855"
"2025-03-28 05:00:00","565.8300","566.0300","565.7000","566.0000","10462"
"2025-03-28 04:45:00","565.5000","565.9000","565.4000","565.7400","5012"
"2025-03-28 04:30:00","564.8300","565.4800","564.5500","565.4700","15186"
"2025-03-28 04:15:00","565.1700","565.4200","564.6200","564.9300","4390"
"2025-03-28 04:00:00","566.4800","566.8800","564.4200","565.1400","28165"
"2025-03-27 20:00:00","567.0800","567.0800","567.0800","567.0800","705980"
"2025-03-27 19:45:00","566.3800","566.6500","566.3000","566.5700","32824"
"2025-03-27 19:30:00","566.4800","566.4800","566.1500","566.3601","6680"
"2025-03-27 19:15:00","566.3700","566.5283","566.2400","566.4500","9288"
"2025-03-27 19:00:00","566.9700","567.0300","566.2000","566.3600","20713"
"2025-03-27 18:45:00","567.1600","567.1900","566.9000","566.9400","6210"
"2025-03-27 18:30:00","567.0800","567.2200","566.9950","567.1600","718185"
"2025-03-27 18:15:00","566.8900","567.1300","566.8300","566.9950","30431"
"2025-03-27 18:00:00","566.9900","567.3600","566.8400","566.8850","36507"
"2025-03-27 17:45:00","567.0500","567.0500","566.9600","567.0500","14720"
"2025-03-27 17:30:00","567.0100","568.2019","566.9600","567.0500","220534"
"2025-03-27 17:15:00","566.9900","567.0800","566.9700","566.9800","151053"
"2025-03-27 17:00:00","567.0500","571.2973","549.6558","567.0000","99675"
"2025-03-27 16:45:00","567.4000","571.2973","532.0710","567.1389","50848"
"2025-03-27 16:30:00","567.2500","567.4700","536.2496","567.3950","28082"
"2025-03-27 16:15:00","567.2900","568.9468","566.9600","567.3000","482751"
"2025-03-27 16:00:00","567.0200","568.0000","566.9200","567.2400","3933798"
"2025-03-27 15:45:00","568.7600","569.0600","566.7200","567.0000","5334874"
"2025-03-27 15:30:00","569.7600","569.8100","568.3700","568.7600","2552523"
"2025-03-27 15:15:00","569.0700","570.0300","568.9230","569.7800","1643188"
"2025-03-27 15:00:00","567.5400","569.1000","567.4300","569.0724","1390800"
"2025-03-27 14:45:00","568.5000","569.1875","567.4200","567.5600","880088"
"2025-03-27 14:30:00","567.9200","568.9600","567.5500","568.4800","974801"
"2025-03-27 14:15:00","568.4900","568.6800","567.6400","567.9600","797495"
"2025-03-27 14:00:00","566.6500","568.5050","566.5600","568.4671","1094053"
"2025-03-27 13:45:00","566.8300","567.7676","566.4230","566.6350","736083"
"2025-03-27 13:30:00","566.7900","567.4700","566.6400","566.7900","710649"
"2025-03-27 13:15:00","568.0300","568.1900","566.7300","566.7600","1016290"
"2025-03-27 13:00:00","566.6600","568.0663","566.3800","568.0400","1029006"
"2025-03-27 12:45:00","568.6400","568.8500","566.6001","566.6600","1246100"
"2025-03-27 12:30:00","568.6500","569.3000","568.3100","568.6800","541596"
"2025-03-27 12:15:00","568.8900","569.9102","568.5300","568.6450","791498"
"2025-03-27 12:00:00","567.9600","569.2600","567.7900","568.8900","904699"
"2025-03-27 11:45:00","568.4100","568.6000","567.8500","567.9400","981479"
"2025-03-27 11:30:00","569.8800","569.8800","568.1500","568.3950","1382851"
"2025-03-27 11:15:00","570.7000","570.8800","569.8100","569.8600","674372"
"2025-03-27 11:00:00","570.8000","570.9000","570.0500","570.7000","1509129"
"2025-03-27 10:45:00","570.4200","570.7999","569.7200","570.7999","1196392"
"2025-03-27 10:30:00","569.5200","570.6000","569.2500","570.4100","1736505"
"2025-03-27 10:15:00","568.8900","569.5800","568.2300","569.5200","1020265"
"2025-03-27 10:00:00","568.3100","569.0700","567.5300","568.8700","1911674"
"2025-03-27 09:45:00","565.5600","568.4300","565.5600","568.3300","3015411"
"2025-03-27 09:30:00","567.1800","567.5200","564.9400","565.5653","2912433"
"2025-03-27 09:15:00","567.6300","567.7700","566.8500","567.1250","159802"
"2025-03-27 09:00:00","568.1300","577.3050","567.6300","567.6650","34030"
"2025-03-27 08:45:00","568.2910","568.5900","567.9100","568.1300","56088"
"2025-03-27 08:30:00","568.1000","568.9800","568.0109","568.2900","93593"
"2025-03-27 08:15:00","568.2850","568.4000","567.8600","567.9100","44516"
"2025-03-27 08:00:00","568.5077","570.0000","567.2490","568.3300","178330"
"2025-03-27 07:45:00","568.2100","568.8300","568.1600","568.6700","22458"
"2025-03-27 07:30:00","567.4700","568.3300","567.4700","568.2000","66836"
"2025-03-27 07:15:00","568.2700","568.4000","567.3900","567.4700","53582"
"2025-03-27 07:00:00","568.3500","568.8800","568.0500","568.2300","46915"
"2025-03-27 06:45:00","569.1600","569.2200","568.2900","568.3100","25222"
"2025-03-27 06:30:00","569.3300","569.4800","569.0400","569.2100","4867"
"2025-03-27 06:15:00","569.6200","569.6300","569.2200","569.3300","20417"
"2025-03-27 06:00:00","569.4700","569.8800","569.3400","569.5900","16490"
"2025-03-27 05:45:00","569.2100","569.6200","569.1900","569.4500","9939"
"2025-03-27 05:30:00","569.4600","569.5000","569.0000","569.1900","13561"
"2025-03-27 05:15:00","569.1100","569.4900","568.8200","569.4500","8521"
"2025-03-27 05:00:00","569.3300","569.3700","568.8700","569.1000","8300"
"2025-03-27 04:45:00","568.6500","569.3200","568.2600","569.3200","9714"
"2025-03-27 04:30:00","568.4800","568.9500","568.4200","568.6500","19445"
"2025-03-27 04:15:00","567.7000","568.4600","567.7000","568.4200","21858"
"2025-03-27 04:00:00","568.0000","568.8900","567.2300","567.7000","32117"